,UNITID,ClassificationName,InstitutionName,sportsExpenses,F1C011,F1C071,totalExp,instrExp,adminExp,cohortSize,completed,gradRate,spendRate,instrShare,adminShare,division,admRate,testScore,testScoreMissing,admRateMissing,ugTotal,upPell,expPerStudent
0,126182,NCAA Division II with football,Adams State University,7289037,24872466,7874508,62664066,24872466,7874508,359,115,0.3203342618384401,0.1163192474615356,0.396917525268788,0.1256622575368792,D-II,,,1,1,1706,0.35,36731.57444314185
1,100654,NCAA Division I-FCS,Alabama A & M University,12639752,32549205,31080494,227586697,32549205,31080494,1284,369,0.2873831775700934,0.0555381846417851,0.1430189261018186,0.1365655128779341,D-I FCS,0.6622088558996673,932.6042841037204,0,0,5206,0.64,43716.230695351514
2,100724,NCAA Division I-FCS,Alabama State University,14050365,43009909,30297411,161817460,43009909,30297411,951,287,0.3017875920084122,0.0868284856281887,0.2657927580867973,0.1872320267540968,D-I FCS,0.9564160119715676,969.12,0,0,3296,0.72,49095.103155339806
3,138716,NCAA Division II with football,Albany State University,3146021,37045795,15571115,134089303,37045795,15571115,602,178,0.2956810631229236,0.0234621325460987,0.2762770345670303,0.1161249603930001,D-II,,,1,1,5833,0.65,22988.051260072003
4,175342,NCAA Division I-FCS,Alcorn State University,7695116,12286962,14698258,84630780,12286962,14698258,728,336,0.4615384615384615,0.090925736475547,0.1451831354975104,0.1736750860620686,D-I FCS,0.24657169484755692,1030.2574257425742,0,0,2431,0.77,34813.1550802139
5,222831,NCAA Division II with football,Angelo State University,8700652,58191385,26345840,168269709,58191385,26345840,1559,635,0.4073123797305965,0.0517065849326452,0.3458221051538159,0.1565691184501899,D-II,0.792274678111588,1044.4324324324325,0,0,9066,0.27,18560.52382528127
6,197869,NCAA Division I-FBS,Appalachian State University,43110256,168675447,42650183,509921064,168675447,42650183,3302,2414,0.7310720775287705,0.0845429989924872,0.3307873686896762,0.0836407554248435,D-I FBS,0.8864213991083705,1180.0,0,0,18558,0.26,27477.156159068865
7,104151,NCAA Division I-FBS,Arizona State University Campus Immersion,126892086,1352205000,257002000,3612963000,1352205000,257002000,11163,7574,0.6784914449520738,0.0351213355907602,0.37426483470769,0.0711333052677262,D-I FBS,0.9018593840790238,,1,0,65492,0.3,55166.47834850058
8,106458,NCAA Division I-FBS,Arkansas State University,28162528,71679219,15077113,229666336,71679219,15077113,1375,764,0.5556363636363636,0.1226236656642617,0.3121015480475118,0.0656479014843516,D-I FBS,0.6967202893128819,1109.6146044624747,0,0,8201,0.37,28004.674551883916
9,106467,NCAA Division II with football,Arkansas Tech University,6927036,45598230,22114713,129612144,45598230,22114713,1510,761,0.5039735099337749,0.0534443439188846,0.3518052289915056,0.1706222296577395,D-II,0.9628874388254486,1039.7851851851851,0,0,8722,0.34,14860.369639990828
10,100858,NCAA Division I-FBS,Auburn University,182486390,300285653,107658460,1419815257,300285653,107658460,4762,3772,0.7921041579168416,0.1285282638711636,0.2114962855339988,0.0758256818760188,D-I FBS,0.5046701814106024,1310.0,0,0,25379,0.12,55944.49178454628
11,100830,NCAA Division II without football,Auburn University at Montgomery,5881453,31968642,15014880,97380380,31968642,15014880,625,223,0.3568,0.0603966938720099,0.3282862728611246,0.1541879380630882,D-II,0.9263443289652056,1080.8870967741937,0,0,3754,0.43,25940.431539690995
12,482149,NCAA Division II without football,Augusta University,5496309,155131408,89439373,840770632,155131408,89439373,882,429,0.4863945578231292,0.0065372276228601,0.1845109737372463,0.1063778509808844,D-II,0.8930753564154786,1110.0,0,0,5396,0.38,155813.68272794664
13,219602,NCAA Division I-FCS,Austin Peay State University,25678171,79899887,15355929,185648454,79899887,15355929,1047,499,0.4765998089780324,0.138316104695383,0.4303827221744599,0.0827150922571108,D-I FCS,0.9595250944414463,1040.172619047619,0,0,8120,0.46,22863.110098522167
14,150136,NCAA Division I-FBS,Ball State University,29737219,189074200,75104397,473404626,189074200,75104397,3966,2512,0.6333837619768028,0.0628156493764384,0.3993923794061108,0.1586473660694646,D-I FBS,0.7159550718571229,1171.3656387665199,0,0,14416,0.34,32838.833657047726
15,173124,NCAA Division II with football,Bemidji State University,10346770,31372000,13609000,81009000,31372000,13609000,736,393,0.5339673913043478,0.1277237097112666,0.3872656124628127,0.1679936797145996,D-II,0.7066433566433566,1080.0,0,0,3676,0.26,22037.26877040261
16,196079,NCAA Division I without football,Binghamton University,22955758,243964121,83466242,658565929,243964121,83466242,2672,2235,0.8364520958083832,0.0348571904332451,0.3704475288760345,0.1267393867865885,D-I no football,0.377335245289116,1413.2662449683726,0,0,14402,0.27,45727.394042494096
17,219046,NCAA Division II with football,Black Hills State University,6195391,13948899,5985806,49493877,13948899,5985806,455,187,0.4109890109890109,0.1251748978969661,0.2818308010099916,0.1209403336901653,D-II,0.9443413729128015,1040.0,0,0,3261,0.18,15177.515179392823
18,237215,NCAA Division II with football,Bluefield State University,5739643,8615683,3165959,27327190,8615683,3165959,126,47,0.373015873015873,0.2100341454792827,0.3152787754613628,0.1158538071422638,D-II,0.8722222222222222,995.2836879432624,0,0,1281,0.41,21332.70101483216
19,142115,NCAA Division I-FBS,Boise State University,59885465,162764444,49425700,540895783,162764444,49425700,2662,1647,0.6187077385424493,0.1107153482836452,0.3009164595391198,0.0913774918448569,D-I FBS,0.8396137688883315,,1,0,22922,0.18,23597.233356600645
20,162007,NCAA Division II with football,Bowie State University,5422803,48630797,26897861,191801187,48630797,26897861,1075,410,0.3813953488372093,0.0282730419181399,0.2535479459780402,0.1402382405485321,D-II,0.8353883106485188,935.0,0,0,5378,0.44,35664.03625883228
21,201441,NCAA Division I-FBS,Bowling Green State University-Main Campus,31864946,172121477,42508072,418291702,172121477,42508072,3285,2062,0.6277016742770167,0.0761787667497166,0.4114867117301791,0.1016230343484079,D-I FBS,0.8060550754200441,1110.0,0,0,13853,0.23,30195.02649245651
22,165024,NCAA Division III with football,Bridgewater State University,4405901,93800308,30380319,225735536,93800308,30380319,1476,806,0.5460704607046071,0.0195179770011931,0.4155318638001241,0.1345836793724848,D-III,0.89190128606187,1126.5968586387435,0,0,8116,0.3,27813.644159684573
23,110422,NCAA Division I-FCS,California Polytechnic State University-San Luis Obispo,35298634,234019258,43187599,646068904,234019258,43187599,5241,4465,0.8519366533104369,0.0546360206805433,0.3622202779782758,0.0668467383782334,D-I FCS,0.2975398518890423,,1,0,21026,0.18,30727.142775611148
24,115755,NCAA Division II without football,California State Polytechnic University-Humboldt,7902578,70504638,26805606,233609145,70504638,26805606,1188,554,0.4663299663299663,0.0338282047990886,0.3018059845217104,0.1147455336134208,D-II,0.988301590698338,,1,0,5461,0.46,42777.722944515655
25,110529,NCAA Division II without football,California State Polytechnic University-Pomona,8274566,188433231,51537148,552342228,188433231,51537148,3668,2448,0.6673936750272628,0.014980867984622,0.3411530414437188,0.0933065505178068,D-II,0.7370180229382851,,1,0,25181,0.46,21934.88058456773
26,110486,NCAA Division I without football,California State University-Bakersfield,17837609,74583566,28975108,244170444,74583566,28975108,1383,682,0.4931308749096167,0.0730539237582743,0.3054569782409864,0.1186675484769155,D-I no football,0.8819354838709678,,1,0,8188,0.61,29820.52320468979
27,110538,NCAA Division II without football,California State University-Chico,7241067,116885501,43660884,366695439,116885501,43660884,2769,1762,0.6363308053448898,0.0197468150128804,0.3187536264938381,0.1190657950888775,D-II,0.9371603108296276,,1,0,12981,0.4,28248.627917725906
28,110547,NCAA Division II without football,California State University-Dominguez Hills,6724276,108215954,45898210,353373816,108215954,45898210,1635,766,0.4685015290519878,0.0190287896146781,0.3062364813130354,0.1298857128678713,D-II,0.913235294117647,,1,0,13969,0.61,25297.00164650297
29,110574,NCAA Division II without football,California State University-East Bay,8753696,95284266,32213206,319092533,95284266,32213206,1393,634,0.4551328068916008,0.0274330957158436,0.2986101401501614,0.1009525534713781,D-II,0.9681331927075486,,1,0,10796,0.44,29556.551778436457
30,110556,NCAA Division I-FBS,California State University-Fresno,55761420,172475667,60626101,495423703,172475667,60626101,3307,1813,0.5482310250982764,0.1125529918377764,0.3481376969967059,0.1223722252950016,D-I FBS,0.9637641700905896,,1,0,21354,0.56,23200.51058349724
31,110565,NCAA Division I without football,California State University-Fullerton,24240924,256007394,93022663,718109353,256007394,93022663,4305,2980,0.6922183507549361,0.0337565913864374,0.3565019630095251,0.1295382974910229,D-I no football,0.8674240085612562,,1,0,35432,0.47,20267.254261684353
32,110583,NCAA Division I without football,California State University-Long Beach,27086185,300963222,72079114,791535280,300963222,72079114,4107,2869,0.698563428293158,0.0342198076123656,0.3802271731968789,0.0910624148048082,D-I no football,0.4712223895582329,,1,0,32931,0.49,24036.175032644012
33,110592,NCAA Division II without football,California State University-Los Angeles,8213047,171169239,70993584,541948969,171169239,70993584,3405,1790,0.5256975036710719,0.0151546501050729,0.3158401413989958,0.1309968060848917,D-II,0.919323317454501,,1,0,22737,0.66,23835.553019307736
34,409698,NCAA Division II without football,California State University-Monterey Bay,6776827,70791480,27311550,264890397,70791480,27311550,922,583,0.6323210412147505,0.0255835133200393,0.2672481932215912,0.1031050967091117,D-II,0.9482538873311241,,1,0,6248,0.43,42396.0302496799
35,110608,NCAA Division I without football,California State University-Northridge,21703752,238550196,64381666,716535259,238550196,64381666,5174,2907,0.5618477000386548,0.0302898590507463,0.3329217829879325,0.0898513578938897,D-I no football,0.9314847762596932,,1,0,32181,0.56,22265.785991734254
36,110617,NCAA Division I-FCS,California State University-Sacramento,33323561,229894561,64494850,682631804,229894561,64494850,3481,1943,0.5581729388106866,0.0488163030271001,0.3367768094789793,0.0944797028531064,D-I FCS,0.9362160498576595,,1,0,28921,0.49,23603.32644099443
37,110510,NCAA Division II without football,California State University-San Bernardino,8450299,151709646,63857780,398078306,151709646,63857780,2483,1357,0.5465163109142167,0.0212277305058668,0.381105033138882,0.1604151219433696,D-II,0.9824616348261823,,1,0,17034,0.57,23369.631677820827
38,366711,NCAA Division II without football,California State University-San Marcos,8644811,111689670,44176241,346890538,111689670,44176241,2405,1303,0.5417879417879418,0.0249208613467571,0.3219738152673395,0.1273492244980173,D-II,0.9569610137564929,,1,0,13914,0.44,24931.043409515594
39,110495,NCAA Division II without football,California State University-Stanislaus,8012687,90130089,29073733,254096410,90130089,29073733,1362,790,0.580029368575624,0.0315340425313368,0.3547082345634084,0.1144200856674834,D-II,0.9746906636670416,,1,0,8926,0.55,28466.99641496751
40,206914,NCAA Division II without football,Cameron University,4341234,24071565,7655234,56038406,24071565,7655234,325,98,0.3015384615384615,0.0774689058785862,0.4295547771290996,0.1366069191903852,D-II,,,1,1,3133,0.41,17886.50047877434
41,128771,NCAA Division I-FCS,Central Connecticut State University,15396494,134609227,35658349,284295817,134609227,35658349,1417,699,0.4932956951305575,0.054156597034982,0.4734829672150962,0.125426921072145,D-I FCS,0.7552523545037431,1091.0723860589812,0,0,7665,0.35,37090.1261578604
42,169248,NCAA Division I-FBS,Central Michigan University,36647135,101949930,37734737,454644042,101949930,37734737,3045,1883,0.6183908045977011,0.0806062141247635,0.2242412097858306,0.0829984196735608,D-I FBS,0.9100651861672744,1098.2,0,0,10401,0.31,43711.570233631384
43,201690,NCAA Division II with football,Central State University,3552206,14128387,15100810,96109186,14128387,15100810,661,169,0.2556732223903177,0.0369601090992488,0.1470035028701627,0.157121401486014,D-II,0.46004254026131874,,1,0,5406,0.42,17778.24380318165
44,234827,NCAA Division II with football,Central Washington University,9520870,105196068,40228643,272704843,105196068,40228643,1681,838,0.4985127900059488,0.034912727970878,0.3857506410328034,0.1475171564884896,D-II,0.9021818714306633,,1,0,9487,0.31,28745.10835880679
45,180948,NCAA Division II with football,Chadron State College,6518222,13478842,5364170,45858873,13478842,5364170,394,150,0.3807106598984771,0.1421365501066718,0.2939200446552622,0.1169712565766716,D-II,,,1,1,1815,0.36,25266.596694214877
46,144005,NCAA Division I without football,Chicago State University,8264373,51278656,22076076,98033547,51278656,22076076,118,20,0.1694915254237288,0.0843014789620944,0.52307253556785,0.2251889957628484,D-I no football,0.4051596532036371,,1,0,1450,0.55,67609.3427586207
47,231712,NCAA Division III with football,Christopher Newport University,13164664,53804548,18535692,192068796,53804548,18535692,1292,970,0.7507739938080495,0.0685413990932707,0.2801316461628676,0.0965054833789867,D-III,0.8796374964599264,1205.628997867804,0,0,4449,0.15,43171.22859069454
48,217864,NCAA Division I-FCS,Citadel Military College of South Carolina,17130667,48178136,19737018,152404256,48178136,19737018,677,493,0.7282127031019202,0.1124028124253957,0.3161206731654528,0.1295043755208516,D-I FCS,0.980922650017343,1180.0,0,0,2695,0.19,56550.74434137291
49,139311,NCAA Division II without football,Clayton  State University,2404110,35650792,17155943,95321201,35650792,17155943,518,185,0.3571428571428571,0.0252211467625129,0.3740069536052111,0.1799803487578802,D-II,0.7059483726150393,970.0,0,0,5288,0.52,18025.945726172467
50,217882,NCAA Division I-FBS,Clemson University,171016070,370502919,96308486,1328776111,370502919,96308486,3644,3203,0.8789791437980241,0.1287019450336882,0.2788302076872602,0.0724790920025804,D-I FBS,0.3805428961112405,1337.351851851852,0,0,22808,0.15,58259.212162399155
51,202134,NCAA Division I without football,Cleveland State University,15154801,163859151,34996614,353867142,163859151,34996614,1926,942,0.4890965732087227,0.0428262452239773,0.4630527436763259,0.0988976083006881,D-I no football,0.95483745376679,970.0,0,0,9776,0.39,36197.53907528642
52,218724,NCAA Division I-FBS,Coastal Carolina University,43509290,103660405,21229021,258710441,103660405,21229021,2380,1210,0.5084033613445378,0.168177557240529,0.4006811808573277,0.0820570709011315,D-I FBS,0.8018986994457553,1125.0924024640658,0,0,9794,0.27,26415.197161527467
53,217819,NCAA Division I without football,College of Charleston,24751280,101916529,49983262,284797495,101916529,49983262,1836,1193,0.6497821350762527,0.0869083486847382,0.3578561286151762,0.1755045703614773,D-I no football,0.7200089944908743,1234.075382803298,0,0,9972,0.19,28559.71670677898
54,190558,NCAA Division II without football,College of Staten Island CUNY,3210884,117688336,26791631,212955079,117688336,26791631,704,350,0.4971590909090909,0.0150777526184289,0.5526439498538562,0.1258088378347623,D-II,,,1,1,9299,0.49,22900.85804925261
55,127556,NCAA Division II with football,Colorado Mesa University,14313950,75222605,12493893,176715864,75222605,12493893,1160,583,0.5025862068965518,0.0809998020324875,0.4256697915926778,0.0707004607124576,D-II,0.8139403630890791,1068.388312912347,0,0,8681,0.27,20356.625273585993
56,126775,NCAA Division II with football,Colorado School of Mines,14787316,129288541,51758560,374433421,129288541,51758560,1132,907,0.8012367491166078,0.0394925110063826,0.3452911352162658,0.1382316777753661,D-II,0.597087872925364,1400.0,0,0,5703,0.13,65655.51832368929
57,128106,NCAA Division II with football,Colorado State University Pueblo,11703976,22329369,7319241,105251445,22329369,7319241,703,267,0.379800853485064,0.1112001455181921,0.2121526122515467,0.0695405274483405,D-II,0.9983642311886587,1003.416149068323,0,0,4772,0.28,22056.044635373008
58,126818,NCAA Division I-FBS,Colorado State University-Fort Collins,50262504,454984530,96128526,1609309817,454984530,96128526,4856,3249,0.6690691927512356,0.0312323354204705,0.2827202849282066,0.0597327655523771,D-I FBS,0.8959084453184748,,1,0,25777,0.19,62432.005935523914
59,139366,NCAA Division II without football,Columbus State University,3964679,50300349,24954290,128485169,50300349,24954290,893,377,0.4221724524076148,0.0308570944869131,0.3914875887348523,0.1942192254111445,D-II,0.9923943661971831,989.7518610421836,0,0,6022,0.44,21335.96296911325
60,498562,NCAA Division II with football,Commonwealth University of Pennsylvania,19268656,104859326,51505990,249651891,104859326,51505990,2881,1561,0.5418257549461992,0.0771820951278113,0.4200221579735601,0.2063112351910845,D-II,0.9474977369714211,1092.8290993071594,0,0,11016,0.29,22662.662581699347
61,237330,NCAA Division II with football,Concord University,5114759,10754713,5589193,43283059,10754713,5589193,426,180,0.4225352112676056,0.1181699981048012,0.2484739583678686,0.129131191952029,D-II,0.8964646464646465,977.1621621621622,0,0,1399,0.47,30938.569692637597
62,162283,NCAA Division I without football,Coppin State University,5007750,27870578,27547985,100965632,27870578,27547985,383,98,0.2558746736292428,0.0495985604289586,0.2760402470416864,0.2728451697306268,D-I no football,0.49564108016159897,,1,0,1757,0.53,57464.787706317584
63,190512,NCAA Division III without football,CUNY Bernard M Baruch College,979548,184801845,51312519,346753871,184801845,51312519,1599,1153,0.7210756722951845,0.002824908622289,0.5329481815647849,0.1479796573056858,D-III,0.504845779547191,1310.0,0,0,15896,0.55,21813.90733517866
64,190549,NCAA Division III without football,CUNY Brooklyn College,901765,163889843,36367454,305446997,163889843,36367454,1642,929,0.5657734470158343,0.002952279802574,0.5365573883838184,0.119063059572329,D-III,0.5365889642962526,1310.0,0,0,11661,0.56,26193.893919903952
65,190567,NCAA Division III without football,CUNY City College,967310,261996657,56160171,552675408,261996657,56160171,1683,920,0.5466428995840761,0.0017502316658171,0.4740515919608277,0.1016151075062851,D-III,0.5807177691634363,1340.0,0,0,11929,0.6,46330.40556626708
66,190594,NCAA Division III without football,CUNY Hunter College,1502705,213625565,60586299,428888250,213625565,60586299,2330,1421,0.6098712446351932,0.0035037215405178,0.498091437571442,0.1412636018823085,D-III,0.5404883912190801,1350.0,0,0,17256,0.55,24854.44193324061
67,190600,NCAA Division III without football,CUNY John Jay College of Criminal Justice,2445318,172236907,36248014,344761197,172236907,36248014,1831,1016,0.5548880393227744,0.0070927877652078,0.4995832144068116,0.1051394829679745,D-III,0.572233692316277,1140.0,0,0,12062,0.59,28582.423893218373
68,190637,NCAA Division III without football,CUNY Lehman College,826211,155673236,26186344,272838845,155673236,26186344,919,453,0.4929270946681175,0.0030282015011462,0.5705684467327223,0.095977330500721,D-III,0.5543094397251122,1010.0,0,0,11211,0.61,24336.709035768443
69,190646,NCAA Division III without football,CUNY Medgar Evers College,818590,73134923,15224291,136662413,73134923,15224291,149,38,0.2550335570469799,0.0059898693578606,0.5351502391517118,0.1114007184989482,D-III,0.8338820179731293,980.0,0,0,3640,0.57,37544.61895604395
70,190664,NCAA Division II without football,CUNY Queens College,5383780,177554542,43855390,348169565,177554542,43855390,1639,986,0.6015863331299572,0.015463097700685,0.5099657174227736,0.1259598609660209,D-II,0.6851923076923077,1210.0,0,0,14406,0.48,24168.37185894766
71,190691,NCAA Division III without football,CUNY York College,1247264,72071557,21651774,141553422,72071557,21651774,1087,329,0.3026678932842686,0.0088112599637471,0.5091474016078538,0.1529583226889421,D-III,0.5941978083731385,1100.0,0,0,6199,0.43,22834.88014195838
72,130934,NCAA Division I-FCS,Delaware State University,16266754,45312290,41159836,216967973,45312290,41159836,939,363,0.3865814696485623,0.0749730652643374,0.2088432194552511,0.1897046620793198,D-I FCS,0.6166799257491382,983.5128205128206,0,0,4996,0.43,43428.33726981585
73,175616,NCAA Division II with football,Delta State University,5145717,22556043,8443566,74081284,22556043,8443566,318,149,0.4685534591194968,0.0694604186396121,0.30447694454108,0.1139770471580919,D-II,0.9967793880837359,1082.450980392157,0,0,1889,0.43,39217.19640021175
74,198464,NCAA Division I-FBS,East Carolina University,63575819,317449936,72076876,906502658,317449936,72076876,4305,2675,0.6213704994192799,0.0701330751089755,0.3501919527741748,0.0795109372972186,D-I FBS,0.9005787608237247,1136.7119301648884,0,0,21688,0.31,41797.429822943566
75,207041,NCAA Division II with football,East Central University,6726034,19344140,3709608,63561829,19344140,3709608,452,148,0.3274336283185841,0.1058187611309926,0.3043357987700448,0.0583621972237457,D-II,0.6554694229112834,1009.7368421052631,0,0,2730,0.4,23282.721245421246
76,212115,NCAA Division II with football,East Stroudsburg University of Pennsylvania,10662700,37894418,20612529,107300111,37894418,20612529,1280,561,0.43828125,0.099372683780355,0.3531628965416448,0.192101655887383,D-II,0.928764530954312,1076.578947368421,0,0,4392,0.4,24430.808515482695
77,220075,NCAA Division I-FCS,East Tennessee State University,19811089,175748200,29220607,440941851,175748200,29220607,2033,1014,0.4987702902115101,0.0449290285217222,0.3985745503662795,0.0662686178091995,D-I FCS,0.8706452590124205,1105.1690821256038,0,0,10554,0.35,41779.59550881183
78,129215,NCAA Division III without football,Eastern Connecticut State University,4512866,63256688,19290155,147249398,63256688,19290155,903,525,0.5813953488372093,0.0306477721559174,0.4295887715615652,0.1310032860032473,D-III,0.8054976303317536,1200.0,0,0,3926,0.28,37506.21446765155
79,144892,NCAA Division I-FCS,Eastern Illinois University,19027915,65178730,9389692,161033258,65178730,9389692,631,285,0.4516640253565768,0.1181613986844879,0.4047532218468808,0.0583090233447304,D-I FCS,0.6775412087912088,1010.0,0,0,6916,0.31,23284.16107576634
80,156620,NCAA Division I-FCS,Eastern Kentucky University,25201223,112964864,55742178,312059824,112964864,55742178,2133,1178,0.5522737927801219,0.0807576658762712,0.361997461102202,0.1786265764220901,D-I FCS,0.7809390001170823,1079.21875,0,0,12073,0.39,25847.744885281205
81,169798,NCAA Division I-FBS,Eastern Michigan University,37094526,101328163,35658244,373949279,101328163,35658244,2783,1266,0.4549047790154509,0.099196677418918,0.2709676651094706,0.0953558303290644,D-I FBS,0.8134735393838141,1045.6705241660993,0,0,11617,0.37,32189.832056468967
82,187648,NCAA Division II with football,Eastern New Mexico University-Main Campus,8612575,25422288,8459856,82218939,25422288,8459856,618,247,0.3996763754045307,0.104751716633074,0.3092023359727374,0.1028942492191488,D-II,0.5491606714628298,962.64,0,0,3833,0.32,21450.284111661884
83,235097,NCAA Division I-FCS,Eastern Washington University,20082060,106896738,22073377,242942135,106896738,22073377,1612,761,0.4720843672456575,0.0826619063012679,0.4400090498916542,0.0908585783194833,D-I FCS,0.9176929072486361,,1,0,7604,0.35,31949.254997369804
84,198507,NCAA Division II with football,Elizabeth City State University,3918662,18821937,19946023,86851516,18821937,19946023,341,164,0.4809384164222874,0.0451190972878354,0.2167139719242206,0.2296565899897475,D-II,0.7048507462686567,,1,0,2033,0.53,42720.86374815543
85,155025,NCAA Division II with football,Emporia State University,9372441,38370780,8830665,93857416,38370780,8830665,604,328,0.543046357615894,0.099858289301295,0.4088199061435912,0.0940859590679547,D-II,0.9773869346733668,1080.0,0,0,2740,0.34,34254.531386861316
86,237367,NCAA Division II with football,Fairmont State University,6088243,23414086,7984232,60059674,23414086,7984232,745,360,0.4832214765100671,0.1013698975455644,0.3898470377977742,0.1329383173142098,D-II,0.9924204143506822,989.6328437917223,0,0,3193,0.33,18809.794550579394
87,196042,NCAA Division III without football,Farmingdale State College,2922406,94923335,28137753,192225583,94923335,28137753,690,412,0.5971014492753624,0.0152030024016106,0.4938121841981876,0.1463788147283184,D-III,0.6911686938127974,1103.3466135458168,0,0,9264,0.36,20749.739097582038
88,198543,NCAA Division II with football,Fayetteville State University,5532468,49777526,29460385,154727955,49777526,29460385,662,233,0.3519637462235649,0.035756098502045,0.3217099715432805,0.1904011786364009,D-II,0.7989292088042832,964.8148148148148,0,0,5748,0.53,26918.57254697286
89,165820,NCAA Division III with football,Fitchburg State University,1987634,48717231,18848489,121349972,48717231,18848489,751,396,0.5272969374167776,0.0163793527698547,0.4014605870696039,0.1553233897738353,D-III,0.8993797381116472,1113.4710743801652,0,0,3170,0.31,38280.74826498423
90,133650,NCAA Division I-FCS,Florida Agricultural and Mechanical University,12122966,104045680,35193997,381255297,104045680,35193997,1594,828,0.5194479297365119,0.0317975018193648,0.2729029099889463,0.0923108407330534,D-I FCS,0.21120063399815084,1096.9555430500843,0,0,7709,0.56,49455.869373459594
91,133669,NCAA Division I-FBS,Florida Atlantic University,45319502,238007476,90273820,658272052,238007476,90273820,2750,1769,0.6432727272727272,0.0688461584572938,0.3615639996820038,0.1371375554008785,D-I FBS,0.7344270606982471,1116.5843714609287,0,0,24191,0.35,27211.444421479064
92,433660,NCAA Division I without football,Florida Gulf Coast University,19524403,102912266,54296611,330030853,102912266,54296611,2558,1433,0.5602032838154808,0.0591593265372677,0.3118261976555265,0.1645198032439712,D-I no football,0.7674766355140187,1116.4404830362278,0,0,14130,0.29,23356.748266100494
93,133951,NCAA Division I-FBS,Florida International University,41981914,386237573,114539082,1207256684,386237573,114539082,3464,2559,0.7387413394919169,0.034774637868147,0.319929952029986,0.0948755003952415,D-I FBS,0.5883598306303427,1152.7045850261172,0,0,45688,0.4,26423.933724391525
94,134097,NCAA Division I-FBS,Florida State University,169896350,529301517,105285933,1644170359,529301517,105285933,6413,5322,0.829876812724154,0.1033325707825876,0.3219262007143385,0.0640359026202345,D-I FBS,0.2538291147788973,1319.8723697826838,0,0,32936,0.24,49920.15906606753
95,155061,NCAA Division II with football,Fort Hays State University,7615055,57884524,12611138,156135073,57884524,12611138,932,451,0.4839055793991416,0.0487722255716369,0.3707336403525427,0.0807706926937549,D-II,0.9176632934682613,1108.5748218527317,0,0,10427,0.22,14974.112688213292
96,127185,NCAA Division II with football,Fort Lewis College,8370166,31037241,10679986,100152574,31037241,10679986,693,299,0.4314574314574315,0.0835741475800711,0.3098995838089992,0.1066371594203859,D-II,0.9320479661415472,1081.118881118881,0,0,3277,0.36,30562.27464144034
97,139719,NCAA Division II with football,Fort Valley State University,5205897,13757010,14874733,98243891,13757010,14874733,509,230,0.4518664047151277,0.0529895237964465,0.1400291647650641,0.1514061876885556,D-II,0.6279527559055118,856.9747899159664,0,0,2364,0.72,41558.329526226735
98,165866,NCAA Division III with football,Framingham State University,1972566,29510051,12651983,132841012,29510051,12651983,757,375,0.4953764861294584,0.014849073868844,0.2221456352651092,0.095241543326996,D-III,0.8486872409028098,1150.0,0,0,2970,0.34,44727.61346801347
99,218061,NCAA Division II without football,Francis Marion University,5617961,37539811,10317810,81496071,37539811,10317810,688,294,0.4273255813953488,0.0689353600862549,0.4606333843995988,0.1266049991538856,D-II,0.8222986529091431,1034.3778801843318,0,0,3635,0.39,22419.82696011004
100,162584,NCAA Division II with football,Frostburg State University,9022066,39590331,17489093,116349231,39590331,17489093,774,403,0.520671834625323,0.0775429792054233,0.3402715313176414,0.1503155014406584,D-II,0.8944249341527656,,1,0,3263,0.33,35657.13484523445
101,232186,NCAA Division I without football,George Mason University,29467186,497340036,89148443,1153407471,497340036,89148443,3439,2384,0.6932247746437918,0.0255479409843357,0.4311919668500222,0.0772913694782197,D-I no football,0.8883032906683201,1245.819575471698,0,0,27014,0.3,42696.65621529577
102,139861,NCAA Division II without football,Georgia College & State University,3557269,50334574,20306129,167205359,50334574,20306129,1439,886,0.6157053509381515,0.0212748504071571,0.3010344542844467,0.1214442474896991,D-II,0.877695526231091,1145.8602711157455,0,0,5265,0.16,31757.90294396961
103,139755,NCAA Division I-FBS,Georgia Institute of Technology-Main Campus,127823348,440939182,224109181,2515013436,440939182,224109181,2848,2628,0.922752808988764,0.0508241213229049,0.1753227937824822,0.0891085422416009,D-I FBS,0.1646142390744029,1443.677480464125,0,0,18415,0.14,136574.1751832745
104,139931,NCAA Division I-FBS,Georgia Southern University,36967213,128876530,48802292,478687002,128876530,48802292,4054,2141,0.5281203749383325,0.0772262727952659,0.2692292238175291,0.1019503178404664,D-I FBS,0.896321998612075,1053.431884057971,0,0,22003,0.35,21755.533427259918
105,139764,NCAA Division II without football,Georgia Southwestern State University,2581476,19319712,8728940,52011592,19319712,8728940,445,142,0.3191011235955056,0.0496327049554645,0.371450118273634,0.1678268182985054,D-II,0.7716381418092909,994.4976076555024,0,0,2479,0.41,20980.87615974183
106,139940,NCAA Division I-FBS,Georgia State University,39204432,208286131,46470598,958751834,208286131,46470598,4144,2226,0.5371621621621622,0.0408911155209326,0.2172471786896211,0.0484698921577238,D-I FBS,0.6227588488256699,1146.403307303629,0,0,28943,0.5,33125.51684345092
107,237385,NCAA Division II with football,Glenville State University,5084721,7763355,6090929,32470600,7763355,6090929,236,96,0.4067796610169492,0.1565946117410827,0.2390887448953823,0.187582890368518,D-II,,,1,1,1608,0.42,20193.1592039801
108,159009,NCAA Division I-FCS,Grambling State University,14014943,21937656,23662379,108272306,21937656,23662379,906,293,0.3233995584988962,0.1294416228652228,0.2026155792784167,0.2185450728277644,D-I FCS,0.23677664043065128,939.4414414414415,0,0,4212,0.72,25705.67568850902
109,170082,NCAA Division II with football,Grand Valley State University,24678743,209383345,56300890,512398326,209383345,56300890,4089,2807,0.6864759109806798,0.0481631998930457,0.4086339364816738,0.1098771934707686,D-II,0.9469481829032391,1078.4037711313395,0,0,18665,0.26,27452.361425127245
110,107071,NCAA Division II with football,Henderson State University,6175196,16437831,8579107,50940569,16437831,8579107,538,209,0.3884758364312267,0.121223537962444,0.3226864427054201,0.1684140395055265,D-II,0.8191841234840133,,1,0,1807,0.46,28190.685666851135
111,142276,NCAA Division I-FCS,Idaho State University,17201288,139155399,40470180,304621358,139155399,40470180,1172,441,0.3762798634812286,0.0564677674373705,0.4568143216011794,0.1328540463009819,D-I FCS,,,1,1,10022,0.27,30395.266214328476
112,145813,NCAA Division I-FCS,Illinois State University,30786532,168466392,67494040,551396754,168466392,67494040,3331,2209,0.6631642149504653,0.0558337200512428,0.305526629922816,0.122405580936735,D-I FCS,0.8901072591457575,1125.1623203831825,0,0,18055,0.3,30539.83683190252
113,151324,NCAA Division I-FCS,Indiana State University,19636625,80134371,22102633,234585815,80134371,22102633,2671,1097,0.4107076001497566,0.0837076402083391,0.3415993886927903,0.0942198188752376,D-I FCS,0.9150062495404749,,1,0,6965,0.39,33680.66259870782
114,213020,NCAA Division II with football,Indiana University of Pennsylvania-Main Campus,8999493,77884686,34310007,160174113,77884686,34310007,2305,1222,0.5301518438177875,0.0561856896313825,0.4862501470509158,0.2142044451340273,D-II,0.9120144343026958,1051.4285714285713,0,0,7038,0.36,22758.470161977835
115,151351,NCAA Division I-FBS,Indiana University-Bloomington,164249955,761628765,170747029,1988476124,761628765,170747029,7964,6464,0.8116524359618282,0.0826009188732909,0.3830213276425541,0.0858682822183083,D-I FBS,0.8036994049263988,1305.5115511551155,0,0,35660,0.17,55762.08984856983
116,151111,NCAA Division I without football,Indiana University-Purdue University-Indianapolis,11284503,573141972,17709469,1497112322,573141972,17709469,3875,2090,0.5393548387096774,0.0075375126062184,0.3828316443447187,0.0118290850591235,D-I no football,0.813935730194082,1144.5421245421246,0,0,17727,0.36,84453.78924803971
117,153603,NCAA Division I-FBS,Iowa State University,100471526,331108019,70707765,1403870589,331108019,70707765,5757,4345,0.7547333680736494,0.0715675125522556,0.2358536617223769,0.0503662983996027,D-I FBS,0.891324200913242,1190.313024035774,0,0,25241,0.18,55618.65968067826
118,175856,NCAA Division I-FCS,Jackson State University,11948835,54826926,50720303,196195629,54826926,50720303,932,300,0.3218884120171674,0.0609026565010783,0.2794502929522451,0.2585190264355991,D-I FCS,0.9103316597128915,967.139303482587,0,0,4927,0.68,39820.50517556322
119,101480,NCAA Division I-FBS,Jacksonville State University,29060404,56235532,27366480,179710578,56235532,27366480,1115,570,0.5112107623318386,0.1617066970871352,0.3129227707453036,0.1522808523825459,D-I FBS,0.7621585609593604,1045.8413719185423,0,0,8310,0.43,21625.82166064982
120,232423,NCAA Division I-FCS,James Madison University,66110281,223170482,42746819,640290473,223170482,42746819,4658,3767,0.808716187204809,0.103250452392722,0.3485456857640923,0.0667616039946919,D-I FCS,0.7624615384615384,1245.7913669064749,0,0,20346,0.17,31470.09107441266
121,155399,NCAA Division I-FBS,Kansas State University,87502697,249891683,45427070,891477117,249891683,45427070,3300,2328,0.7054545454545454,0.0981547314354676,0.2803119432172705,0.0509570791372315,D-I FBS,0.7935551090273126,1140.0,0,0,15046,0.19,59250.10747042403
122,185262,NCAA Division III with football,Kean University,5392019,144174440,66976632,317538735,144174440,66976632,1759,763,0.4337691870380898,0.0169806653666992,0.4540373318549625,0.2109242892839514,D-III,0.7688189754570911,1150.0,0,0,10845,0.46,29279.73582295989
123,183062,NCAA Division III without football,Keene State College,4117119,31434640,13604958,95024291,31434640,13604958,924,540,0.5844155844155844,0.0433270162468247,0.3308063619227635,0.1431734755063839,D-III,0.8909129875696528,,1,0,2737,0.24,34718.41103397881
124,486840,NCAA Division I-FCS,Kennesaw State University,32926067,231084578,64468434,671179691,231084578,64468434,5071,2437,0.480575823309012,0.0490570072985119,0.3442961417019395,0.0960524206326141,D-I FCS,0.6918489065606361,1116.5258774538966,0,0,39005,0.35,17207.52957313165
125,203517,NCAA Division I-FBS,Kent State University at Kent,34453185,243036699,53503792,592569822,243036699,53503792,4232,2770,0.6545368620037807,0.0581419838150313,0.4101401893530784,0.0902911184700863,D-I FBS,0.8664878157835905,1087.7154582763337,0,0,19644,0.27,30165.435858277335
126,157058,NCAA Division II with football,Kentucky State University,5335353,9067867,19524537,85966369,9067867,19524537,236,69,0.2923728813559322,0.0620632587145794,0.1054815633774179,0.2271183164662916,D-II,0.9255372313843079,893.9779005524862,0,0,1610,0.57,53395.26024844721
127,213349,NCAA Division II with football,Kutztown University of Pennsylvania,9765008,63411022,22359431,161119947,63411022,22359431,1604,868,0.5411471321695761,0.060607070582018,0.393564069382421,0.1387750642693545,D-II,0.9483476132190942,1170.0,0,0,6497,0.31,24799.129906110513
128,170639,NCAA Division II without football,Lake Superior State University,5483521,15486037,8314043,54175789,15486037,8314043,325,189,0.5815384615384616,0.1012171876260076,0.285847927383208,0.1534641793587907,D-II,0.680145572179539,,1,0,1655,0.29,32734.61570996979
129,226091,NCAA Division I-FCS,Lamar University,23698410,71445144,23750534,260174602,71445144,23750534,1447,538,0.3718037318590186,0.0910865619388936,0.2746046057178171,0.0912869043228131,D-I FCS,0.8573005796301407,1039.1254752851712,0,0,8264,0.44,31482.889883833494
130,218229,NCAA Division II without football,Lander University,13614478,22229861,15465318,81607521,22229861,15465318,765,373,0.4875816993464052,0.1668287166816401,0.2723996603205236,0.1895084890521303,D-II,0.6792052469135802,1053.2754880694142,0,0,3553,0.4,22968.623979735436
131,177940,NCAA Division II with football,Lincoln University,6098394,13931862,11148473,66338354,13931862,11148473,453,101,0.2229580573951435,0.0919286300048988,0.2100121748573984,0.1680547123614191,D-II,,,1,1,1730,0.46,38345.86936416185
132,232566,NCAA Division I without football,Longwood University,15258942,46088067,14672639,147154936,46088067,14672639,1013,624,0.6159921026653504,0.1036930354820038,0.3131941629195503,0.0997087790517607,D-I no football,0.8479763079960513,1116.0299625468165,0,0,3154,0.26,46656.60621433101
133,159391,NCAA Division I-FBS,Louisiana State University and Agricultural & Mechanical College,218545643,510431999,98770477,1520489824,510431999,98770477,4900,3477,0.7095918367346938,0.1437337097232687,0.3357023446938899,0.0649596435576013,D-I FBS,0.7399548850979839,1239.2956255879585,0,0,30952,0.26,49124.12199534763
134,159647,NCAA Division I-FBS,Louisiana Tech University,30305928,62360789,14415805,211741743,62360789,14415805,1832,1059,0.5780567685589519,0.1431268467455659,0.2945134394213426,0.068082017252498,D-I FBS,0.7256828241390478,1180.4717444717444,0,0,9924,0.2,21336.330411124545
135,161299,NCAA Division III with football,Maine Maritime Academy,2877592,12454661,13257989,44941444,12454661,13257989,239,148,0.6192468619246861,0.0640298073199428,0.2771308594356692,0.2950058525044277,D-III,0.6139737991266375,1182.9896907216496,0,0,878,0.25,51186.15489749431
136,237525,NCAA Division I-FBS,Marshall University,45966327,115821135,37651293,324609943,115821135,37651293,1749,850,0.4859919954259576,0.1416048029064839,0.3568009467904685,0.115989339858268,D-I FBS,0.9646099399907678,1046.161390994204,0,0,7962,0.38,40769.89989952273
137,167288,NCAA Division III without football,Massachusetts College of Liberal Arts,1899954,17544784,7369064,48410654,17544784,7369064,287,141,0.4912891986062718,0.0392466088146629,0.362415760795134,0.152219881185658,D-III,0.9235255994815295,,1,0,838,0.4,57769.276849642
138,166692,NCAA Division III with football,Massachusetts Maritime Academy,1731294,24969227,14768741,80441032,24969227,14768741,388,307,0.7912371134020618,0.0215225234803054,0.3104041106782419,0.1835971099923233,D-III,0.9455357142857143,,1,0,1326,0.17,60664.42835595777
139,159717,NCAA Division I-FCS,McNeese State University,16868726,27186989,8312970,95740394,27186989,8312970,1290,672,0.5209302325581395,0.1761923603531441,0.283965710439838,0.0868282409616989,D-I FCS,0.6754705525197329,1070.8649173955296,0,0,5707,0.31,16775.958296828456
140,127565,NCAA Division II without football,Metropolitan State University of Denver,6432741,111511950,46992932,300701302,111511950,46992932,2074,620,0.2989392478302796,0.0213924614134194,0.3708395981604363,0.1562777802671436,D-II,0.9913730549060711,1012.7896995708154,0,0,15848,0.35,18974.08518425038
141,204024,NCAA Division I-FBS,Miami University-Oxford,40819194,215699359,81586253,621992392,215699359,81586253,3817,3124,0.8184438040345822,0.0656265165378421,0.3467877771083734,0.1311692137224726,D-I FBS,0.8208881674299959,1305.0261096605743,0,0,16864,0.11,36882.850569259965
142,171100,NCAA Division I-FBS,Michigan State University,164109191,858677615,211513297,3027225440,858677615,211513297,8007,6607,0.8251529911327589,0.0542110900732916,0.2836516909688761,0.0698703486714884,D-I FBS,0.8392465904651913,1259.1966759002771,0,0,39201,0.2,77223.16879671437
143,171128,NCAA Division II with football,Michigan Technological University,12419740,91007781,28304852,300405295,91007781,28304852,1314,903,0.6872146118721462,0.0413432792521183,0.3029499896131991,0.0942222140258879,D-II,0.8794434614765965,1240.9125766871166,0,0,5699,0.18,52711.931040533425
144,220978,NCAA Division I-FBS,Middle Tennessee State University,43275343,200931515,30439404,428915042,200931515,30439404,2976,1607,0.539986559139785,0.1008949063623653,0.4684646033001566,0.0709683760636214,D-I FBS,0.6800108379055747,1109.2873266688166,0,0,17462,0.31,24562.767266063453
145,226833,NCAA Division II with football,Midwestern State University,7139767,50252853,10664619,123561930,50252853,10664619,814,336,0.4127764127764127,0.0577829028730774,0.4067017486696752,0.0863099095328148,D-II,0.8737980769230769,,1,0,4818,0.4,25645.896637608967
146,214041,NCAA Division II with football,Millersville University of Pennsylvania,6081901,55431428,28109592,155992149,55431428,28109592,1342,730,0.5439642324888226,0.0389885070433897,0.3553475502154919,0.1801987611568836,D-II,0.8941193303763056,1120.0,0,0,5814,0.27,26830.434984520125
147,174358,NCAA Division II with football,Minnesota State University Moorhead,6917138,37208000,11337000,91722000,37208000,11337000,829,453,0.5464414957780458,0.0754141645406772,0.4056605830662218,0.123601753123569,D-II,0.5262140094542329,1080.0,0,0,3715,0.27,24689.63660834455
148,173920,NCAA Division II with football,Minnesota State University-Mankato,17968500,116152000,29444000,267362000,116152000,29444000,2251,1218,0.5410928476232786,0.0672066337026204,0.4344372049879938,0.1101278416528901,D-II,0.9133051036327168,1180.0,0,0,12668,0.2,21105.304704767917
149,200253,NCAA Division II with football,Minot State University,8625626,19604778,4539588,64383337,19604778,4539588,335,160,0.4776119402985074,0.1339729563877684,0.3045008058529181,0.0705087404835819,D-II,0.7221476510067114,1075.4430379746836,0,0,2530,0.24,25447.95928853755
150,176080,NCAA Division I-FBS,Mississippi State University,125114437,179340242,101867119,929135153,179340242,101867119,3424,2154,0.6290887850467289,0.1346568759087732,0.1930184660659373,0.10963649224883,D-I FBS,0.7632322651721991,1210.5741626794259,0,0,18305,0.29,50758.5442775198
151,176044,NCAA Division I-FCS,Mississippi Valley State University,5346725,15020932,9117458,62267990,15020932,9117458,402,89,0.2213930348258706,0.0858663496284367,0.241230397833622,0.1464228731327284,D-I FCS,0.5115801817648783,890.0,0,0,1654,0.6,37646.910519951634
152,178341,NCAA Division II with football,Missouri Southern State University,8861393,28882750,3110478,71343818,28882750,3110478,907,342,0.3770672546857773,0.1242068794243672,0.4048388607405339,0.0435984236223522,D-II,0.974370112945265,1080.726392251816,0,0,4052,0.35,17607.06268509378
153,179566,NCAA Division I-FCS,Missouri State University-Springfield,25259555,142085666,35146089,383457396,142085666,35146089,3178,1822,0.5733165512901196,0.0658731719964008,0.3705383374584852,0.0916557859272585,D-I FCS,0.9105117217040585,1110.0,0,0,18419,0.21,20818.57842445301
154,178411,NCAA Division II with football,Missouri University of Science and Technology,8140455,89902221,28662571,230741740,89902221,28662571,1412,898,0.6359773371104815,0.0352795077301575,0.3896227054541584,0.1242192721611616,D-II,0.7307175161960641,1277.7858439201452,0,0,5498,0.21,41968.30483812295
155,178387,NCAA Division II with football,Missouri Western State University,8826709,17002080,11450104,64259682,17002080,11450104,870,346,0.3977011494252873,0.137359985690561,0.2645839423855225,0.1781848842638219,D-II,,,1,1,3841,0.28,16729.935433480863
156,180461,NCAA Division I-FCS,Montana State University,28597087,140589276,35750467,625486321,140589276,35750467,2696,1557,0.5775222551928784,0.0457197640298196,0.2247679466039034,0.0571562731265549,D-I FCS,0.8683048919226394,1147.6697401508802,0,0,14625,0.17,42768.29545299145
157,180179,NCAA Division II without football,Montana State University Billings,5660499,22877647,5424573,63487657,22877647,5424573,374,111,0.2967914438502674,0.0891590470884758,0.360347949208458,0.0854429546833016,D-II,,,1,1,3665,0.26,17322.689495225102
158,185590,NCAA Division III with football,Montclair State University,4423665,185458000,80471000,515564000,185458000,80471000,3002,1929,0.6425716189207196,0.0085802441597939,0.3597186770216695,0.1560834348402914,D-III,0.8741472096275266,1080.0,0,0,17290,0.44,29818.623481781375
159,157386,NCAA Division I-FCS,Morehead State University,12893166,54803996,17580360,153929964,54803996,17580360,1181,590,0.4995766299745978,0.0837599494273902,0.3560320198606685,0.1142101222085649,D-I FCS,0.821161261056929,,1,0,8215,0.29,18737.6706025563
160,163453,NCAA Division I-FCS,Morgan State University,21666097,77211887,62731869,426592054,77211887,62731869,1192,496,0.4161073825503356,0.0507887964551726,0.1809970117258677,0.1470535337256891,D-I FCS,0.8295589463963766,983.1268882175226,0,0,7609,0.54,56064.14167433303
161,157401,NCAA Division I-FCS,Murray State University,19402490,75837211,21234928,179660561,75837211,21234928,1319,830,0.6292645943896892,0.1079952655830791,0.4221138494608173,0.1181947105241422,D-I FCS,0.8616597209639427,1102.0431396045535,0,0,7679,0.31,23396.348613100665
162,185129,NCAA Division III without football,New Jersey City University,2399812,50764783,25277623,148456282,50764783,25277623,950,368,0.3873684210526316,0.0161651091329365,0.341951060043387,0.1702698104752482,D-III,0.8917839152336287,,1,0,4895,0.52,30328.147497446374
163,185828,NCAA Division I without football,New Jersey Institute of Technology,18976621,146853000,92048000,480573000,146853000,92048000,1060,775,0.7311320754716981,0.0394874888934667,0.3055789651103994,0.1915380181574911,D-I no football,0.6690488101193454,1335.4589371980676,0,0,9019,0.39,53284.51047788003
164,187897,NCAA Division II with football,New Mexico Highlands University,5727194,25724690,12440072,105582301,25724690,12440072,254,65,0.2559055118110236,0.0542438831675017,0.2436458549998829,0.1178234598240097,D-II,,,1,1,1607,0.46,65701.49408836341
165,188030,NCAA Division I-FBS,New Mexico State University-Main Campus,38923972,139763409,30157115,536528383,139763409,30157115,2028,1059,0.522189349112426,0.0725478338766655,0.2604958347562388,0.0562078651484874,D-I FBS,0.7572528123149793,1001.9927862939585,0,0,11591,0.4,46288.360193253386
166,159966,NCAA Division I-FCS,Nicholls State University,12953173,33462315,10591868,92642271,33462315,10591868,1020,568,0.5568627450980392,0.1398192516243476,0.3611992089442626,0.1143308328441128,D-I FCS,0.9602409638554217,1078.182256509161,0,0,5314,0.35,17433.622694768535
167,232937,NCAA Division I-FCS,Norfolk State University,21939879,65641702,57983169,228337626,65641702,57983169,1001,329,0.3286713286713286,0.0960852549110762,0.2874765020111052,0.2539361121324788,D-I FCS,0.8746449906963079,977.2549019607843,0,0,5337,0.62,42783.890949971894
168,199102,NCAA Division I-FCS,North Carolina A & T State University,18007107,101292382,54561969,395638972,101292382,54561969,2278,1259,0.5526777875329236,0.0455139869284666,0.2560222555628316,0.1379084793497037,D-I FCS,0.4617312888628447,1042.5846925972396,0,0,11833,0.51,33435.22116115947
169,199157,NCAA Division I-FCS,North Carolina Central University,12472714,98893435,5664393,242721249,98893435,5664393,1264,581,0.4596518987341772,0.0513869883719987,0.4074362479899731,0.0233370297134553,D-I FCS,0.9048759864712514,1016.6666666666666,0,0,5634,0.57,43081.513844515444
170,199193,NCAA Division I-FBS,North Carolina State University at Raleigh,124901094,561419293,140522859,1735117460,561419293,140522859,4647,3963,0.8528082633957392,0.0719842298169254,0.3235627016282805,0.0809875194270709,D-I FBS,0.39846188419186496,1374.2898032200358,0,0,26254,0.19,66089.64195932048
171,200332,NCAA Division I-FCS,North Dakota State University-Main Campus,30251922,126752416,28020152,473113978,126752416,28020152,2613,1665,0.6371986222732492,0.0639421437681555,0.2679109514705566,0.0592249506523774,D-I FCS,0.9581230391488201,1110.0,0,0,10096,0.19,46861.52713946117
172,207263,NCAA Division II with football,Northeastern State University,5586993,58301364,7205552,111903249,58301364,7205552,836,311,0.3720095693779904,0.0499269954172644,0.5209979560110896,0.0643909096866347,D-II,0.9920634920634921,1040.5996131528047,0,0,5242,0.42,21347.433994658528
173,105330,NCAA Division I-FCS,Northern Arizona University,29460146,215808932,99381610,649970852,215808932,99381610,5256,2988,0.5684931506849316,0.0453253340659036,0.3320286307238898,0.1529016411954424,D-I FCS,0.9094828726358947,,1,0,23204,0.3,28011.155490432684
174,147703,NCAA Division I-FBS,Northern Illinois University,24939848,177656557,54505591,472528849,177656557,54505591,1831,909,0.4964500273074823,0.0527795245788263,0.3759697579861415,0.1153487054078258,D-I FBS,0.7045125532530918,,1,0,11429,0.46,41344.72386035524
175,157447,NCAA Division I without football,Northern Kentucky University,13467033,120026000,37406000,279013000,120026000,37406000,1948,966,0.4958932238193018,0.0482666864984785,0.4301806725851483,0.1340654378111414,D-I no football,0.9602618045815802,1104.9954001839926,0,0,10786,0.24,25868.069720007417
176,171456,NCAA Division II with football,Northern Michigan University,14725721,58916748,17597551,190553492,58916748,17597551,1032,567,0.5494186046511628,0.0772786730142945,0.3091874485302006,0.0923496642087251,D-II,0.6995088124819416,,1,0,6434,0.27,29616.644700031084
177,219259,NCAA Division II with football,Northern State University,8763650,19505261,5920621,51299095,19505261,5920621,269,148,0.550185873605948,0.1708343977608181,0.3802262203650961,0.1154137514511708,D-II,0.9279112754158965,1080.0,0,0,2851,0.12,17993.368993335673
178,178624,NCAA Division II with football,Northwest Missouri State University,12203463,52003629,12611736,131886197,52003629,12611736,1157,665,0.57476231633535,0.0925302516684137,0.394306835612221,0.095625897833721,D-II,0.8590869183494293,1080.7080745341616,0,0,5308,0.27,24846.68368500377
179,207306,NCAA Division II with football,Northwestern Oklahoma State University,6280965,12656223,1803404,38926448,12656223,1803404,319,113,0.3542319749216301,0.1613546912885552,0.3251317202124376,0.0463285013829158,D-II,0.6643464810518175,1006.6336633663366,0,0,1647,0.41,23634.75895567699
180,160038,NCAA Division I-FCS,Northwestern State University of Louisiana,12032739,48463387,10409888,117112848,48463387,10409888,1233,562,0.4557988645579886,0.1027448243765705,0.4138178502840269,0.0888876684136312,D-I FCS,0.9373825923606762,1080.28659160696,0,0,8405,0.35,13933.711838191553
181,171571,NCAA Division I without football,Oakland University,16407364,148912619,26783561,356892059,148912619,26783561,2420,1378,0.5694214876033058,0.0459729029723241,0.4172483395042421,0.0750466711841296,D-I no football,0.7023713502177771,1110.0,0,0,12841,0.3,27793.167120940736
182,204796,NCAA Division I-FBS,Ohio State University-Main Campus,262172467,1342876097,268767459,9100815015,1342876097,268767459,7196,6314,0.877431906614786,0.0288075811416764,0.1475555864817234,0.0295322406352635,D-I FBS,0.5081967213114754,1400.0,0,0,46123,0.19,197316.19831754224
183,204857,NCAA Division I-FBS,Ohio University-Main Campus,32958838,246951867,71984712,672332343,246951867,71984712,3991,2652,0.6644951140065146,0.0490216458320821,0.3673062430673516,0.1070671562203872,D-I FBS,0.8475904553961322,1204.8991483639622,0,0,18113,0.2,37118.7734224038
184,207388,NCAA Division I-FBS,Oklahoma State University-Main Campus,130346189,243664886,23059613,967457190,243664886,23059613,3791,2498,0.6589290424690055,0.1347307047250328,0.2518611557375474,0.0238352799879444,D-I FBS,0.7092596369569651,1137.5052410901467,0,0,20786,0.26,46543.69238910805
185,232982,NCAA Division I-FBS,Old Dominion University,51827948,224168205,65043989,583388898,224168205,65043989,2850,1264,0.4435087719298246,0.0888394485696915,0.384251750022161,0.111493360986105,D-I FBS,0.9051656151419558,1188.6569579288025,0,0,18375,0.37,31749.05567346939
186,209542,NCAA Division I-FBS,Oregon State University,112813895,355945349,161281409,1436765786,355945349,161281409,3418,2414,0.7062609713282622,0.0785193356490464,0.2477406912583593,0.1122530969010699,D-I FBS,0.7884926787252369,,1,0,28905,0.22,49706.479363431936
187,498571,NCAA Division II with football,Pennsylvania Western University,21339912,109306404,34788870,292208117,109306404,34788870,2286,1214,0.531058617672791,0.0730298398931881,0.3740703890166063,0.1190551116689205,D-II,0.9365002423654871,1074.8322147651006,0,0,9404,0.37,31072.74744789451
188,155681,NCAA Division II with football,Pittsburg State University,11519382,47385817,10104406,117602632,47385817,10104406,950,545,0.5736842105263158,0.0979517363182824,0.4029316027552853,0.0859198967587732,D-II,0.8816526610644257,1080.0,0,0,4489,0.32,26197.957674314992
189,183080,NCAA Division III with football,Plymouth State University,3470714,34639827,12157204,95896165,34639827,12157204,1107,525,0.4742547425474255,0.0361924170794525,0.361222234486645,0.1267746629909548,D-III,0.9102546826573238,,1,0,3308,0.26,28989.167170495766
190,209807,NCAA Division I-FCS,Portland State University,17520602,199643302,58656563,542537339,199643302,58656563,1803,958,0.5313366611203549,0.032293817845411,0.3679807593851158,0.1081152554552563,D-I FCS,0.9090909090909091,,1,0,16862,0.4,32175.147610010674
191,227526,NCAA Division I-FCS,Prairie View A & M University,15374541,75267784,26413620,301166041,75267784,26413620,2087,902,0.4321993291806421,0.0510500485013182,0.2499212187073907,0.0877045098188875,D-I FCS,0.7529907713341688,946.605504587156,0,0,8101,0.62,37176.40303666214
192,151102,NCAA Division I without football,Purdue University Fort Wayne,14832883,56257702,29356998,138245150,56257702,29356998,1456,474,0.3255494505494505,0.1072940569705338,0.4069415961427942,0.2123546323324905,D-I no football,0.8566347046087226,1077.220039292731,0,0,8390,0.23,16477.37187127533
193,490805,NCAA Division II without football,Purdue University Northwest,5041025,61459827,23820777,136107430,61459827,23820777,1070,471,0.4401869158878504,0.0370371037055067,0.4515537983488484,0.1750145234540098,D-II,0.7062871441976853,1033.5506402793947,0,0,8176,0.28,16647.19055772994
194,243780,NCAA Division I-FBS,Purdue University-Main Campus,116766603,1024962792,196993977,2364258511,1024962792,196993977,7697,6397,0.8311030271534364,0.0493882553268727,0.4335239937727774,0.0833216740400686,D-I FBS,0.503030800596582,1339.3505338078292,0,0,38593,0.13,61261.33005985541
195,233277,NCAA Division I without football,Radford University,13291235,109949487,27622432,219703275,109949487,27622432,1842,914,0.496199782844734,0.0604962989286345,0.5004453711488825,0.125726082144201,D-I no football,0.9064306358381503,1059.2307692307693,0,0,6008,0.35,36568.45456058589
196,186201,NCAA Division III without football,Ramapo College of New Jersey,3836147,70596000,24894000,162883000,70596000,24894000,917,659,0.7186477644492911,0.023551549271563,0.4334153963274252,0.1528336290466163,D-III,0.732159406858202,1187.2972972972973,0,0,4933,0.27,33019.055341577136
197,217420,NCAA Division III without football,Rhode Island College,3562475,72994744,19153646,158298512,72994744,19153646,1022,472,0.461839530332681,0.0225047914537566,0.4611208474278014,0.1209970059604856,D-III,0.8109462710505213,1010.0,0,0,4719,0.41,33544.92731510913
198,207661,NCAA Division II without football,Rogers State University,5483426,12466255,4234918,47489911,12466255,4234918,354,110,0.3107344632768362,0.1154650721497456,0.2625032293701287,0.0891751092142497,D-II,,,1,1,3046,0.38,15590.909717662507
199,184782,NCAA Division III with football,Rowan University,6483326,274615431,157385653,747740303,274615431,157385653,2456,1677,0.6828175895765473,0.0086705584465466,0.3672604377458573,0.2104817038329415,D-III,0.7782179322658037,1215.069124423963,0,0,15231,0.31,49093.316459851616
200,186371,NCAA Division III without football,Rutgers University-Camden,2524214,99702000,28578000,261008000,99702000,28578000,757,503,0.6644649933949802,0.0096710215778826,0.3819882915466193,0.1094908968307484,D-III,0.7775081583131118,1117.125748502994,0,0,4185,0.44,62367.50298685783
201,186380,NCAA Division I-FBS,Rutgers University-New Brunswick,155852426,949323000,267204000,4016884000,949323000,267204000,6034,5131,0.8503480278422274,0.0387993345090373,0.2363331876150767,0.0665202181591502,D-I FBS,0.6534708284310333,1381.9157797316057,0,0,36344,0.27,110523.99295619635
202,186399,NCAA Division III without football,Rutgers University-Newark,3512632,185897000,53668000,489786000,185897000,53668000,1318,891,0.6760242792109257,0.0071717688949867,0.3795473941680652,0.109574385547974,D-III,0.7872771246976771,,1,0,7511,0.56,65209.15989881507
203,172051,NCAA Division II with football,Saginaw Valley State University,11611593,54229112,16055750,142759411,54229112,16055750,1217,655,0.5382087099424815,0.0813367953724606,0.3798636574649359,0.1124671913923769,D-II,0.7288201917432988,1050.905861456483,0,0,6468,0.32,22071.646722325295
204,174783,NCAA Division II without football,Saint Cloud State University,12690630,76751000,28836000,176792000,76751000,28836000,1456,683,0.4690934065934066,0.0717828295397981,0.434131634915607,0.1631069279152902,D-II,0.9494627934739356,1081.1764705882354,0,0,8556,0.2,20662.92660121552
205,167729,NCAA Division III without football,Salem State University,1489054,51642943,13940957,173833496,51642943,13940957,1082,595,0.5499075785582255,0.008565978561462,0.297082807331908,0.0801971847819248,D-III,0.9556883759274526,1090.0,0,0,5078,0.35,34232.66955494289
206,163851,NCAA Division III with football,Salisbury University,4442868,73274134,24170589,201877319,73274134,24170589,1324,893,0.6744712990936556,0.022007762050773,0.3629636769646223,0.1197290964617971,D-III,0.8862793572311496,1248.9285714285713,0,0,6378,0.24,31652.135308874254
207,227881,NCAA Division I-FBS,Sam Houston State University,26567953,145606665,35657042,474594144,145606665,35657042,2780,1531,0.5507194244604317,0.0559803641403548,0.3068024897500631,0.0751316518562015,D-I FBS,0.853941531111364,1053.6596617119426,0,0,18235,0.4,26026.55026048807
208,122409,NCAA Division I-FBS,San Diego State University,83949123,307961090,70021729,1011693460,307961090,70021729,5084,3979,0.7826514555468135,0.0829788135627564,0.3044015822737452,0.0692123966087514,D-I FBS,0.34440821256038645,,1,0,32194,0.31,31424.907125551345
209,122597,NCAA Division II without football,San Francisco State University,7671750,209886162,52176747,585132932,209886162,52176747,4084,2048,0.5014691478942214,0.0131111232686523,0.3586982555957045,0.0891707578680599,D-II,0.9614766717986478,,1,0,21961,0.41,26644.184326761075
210,122755,NCAA Division I-FBS,San Jose State University,30593724,256724580,71276081,719318873,256724580,71276081,4320,2793,0.6465277777777778,0.0425315185633951,0.3568995471080876,0.0990882954352846,D-I FBS,0.8023476802683063,,1,0,26863,0.35,26777.30979414064
211,140960,NCAA Division II with football,Savannah State University,2455344,20640067,9996453,77105155,20640067,9996453,594,165,0.2777777777777778,0.0318440965458146,0.2676872512609565,0.1296470125765261,D-II,,,1,1,2757,0.65,27967.049328980775
212,237792,NCAA Division II with football,Shepherd University,5277628,21658313,4750248,52400353,21658313,4750248,590,292,0.4949152542372881,0.1007174131059766,0.4133237995553198,0.0906529770896772,D-II,0.9564974902398216,1021.1688311688312,0,0,2817,0.27,18601.47426340078
213,216010,NCAA Division II with football,Shippensburg University of Pennsylvania,11030249,48859116,14627376,132538312,48859116,14627376,1209,624,0.5161290322580645,0.0832230985407449,0.3686414536500208,0.1103633793072602,D-II,0.8554621848739495,1090.0,0,0,4443,0.3,29830.815214944858
214,216038,NCAA Division II with football,Slippery Rock University of Pennsylvania,7695271,68332315,25054154,164210754,68332315,25054154,1581,1042,0.6590765338393422,0.0468621622673993,0.4161257002693015,0.1525731621693911,D-II,0.7462003595358718,1084.229074889868,0,0,6757,0.28,24302.31670859849
215,123572,NCAA Division II without football,Sonoma State University,7606781,65137925,21584479,231770811,65137925,21584479,1796,1087,0.6052338530066815,0.0328202717468162,0.2810445574184059,0.0931285475805665,D-II,0.9472884414474309,,1,0,5934,0.36,39058.10768452983
216,218733,NCAA Division I-FCS,South Carolina State University,13516308,21772900,23009862,110702243,21772900,23009862,561,165,0.2941176470588235,0.1220960626786938,0.1966798450506554,0.207853620454646,D-I FCS,0.817293997965412,,1,0,2374,0.68,46631.1048862679
217,219347,NCAA Division II with football,South Dakota School of Mines and Technology,6125743,27274915,8434693,79834585,27274915,8434693,457,265,0.5798687089715536,0.0767304420759499,0.3416428481465771,0.1056521180638691,D-II,0.852501624431449,1237.5151515151515,0,0,2163,0.16,36909.19325011558
218,219356,NCAA Division I-FCS,South Dakota State University,26424829,90569644,25963012,343182722,90569644,25963012,2163,1301,0.6014794267221452,0.076999298933237,0.2639108503836623,0.0756536105567692,D-I FCS,0.9870836165873556,1110.9134360063729,0,0,9921,0.16,34591.54540872896
219,179557,NCAA Division I-FCS,Southeast Missouri State University,15758389,66602763,19710324,173879003,66602763,19710324,1680,937,0.5577380952380953,0.0906284757107791,0.3830408608910646,0.1133565505893773,D-I FCS,0.7850442240686143,1008.8235294117648,0,0,8454,0.29,20567.660634019398
220,160612,NCAA Division I-FCS,Southeastern Louisiana University,17404468,70830835,19703833,184983121,70830835,19703833,2078,935,0.4499518768046198,0.0940867896806649,0.3829043137400628,0.1065169237792241,D-I FCS,0.9427529626253418,1080.0,0,0,12426,0.33,14886.779414131659
221,207847,NCAA Division II with football,Southeastern Oklahoma State University,6560154,32276907,4071684,85540266,32276907,4071684,513,171,0.3333333333333333,0.0766908300238393,0.3773299816486425,0.0475996181728029,D-II,0.8034398034398035,1075.5106888361045,0,0,3000,0.4,28513.422
222,107983,NCAA Division II with football,Southern Arkansas University Main Campus,6653838,26016775,8364394,80935978,26016775,8364394,856,398,0.4649532710280374,0.0822111274172778,0.3214488246500215,0.1033458074726668,D-II,0.6658719346049047,1040.625737898465,0,0,3148,0.45,25710.285260482848
223,130493,NCAA Division II with football,Southern Connecticut State University,10950771,130767972,34695336,298747301,130767972,34695336,1353,647,0.4781966001478197,0.0366556315767351,0.4377210155950496,0.1161360651087522,D-II,0.8111525954474287,,1,0,6920,0.37,43171.57528901734
224,149222,NCAA Division I-FCS,Southern Illinois University-Carbondale,28355917,162006250,51105209,704462804,162006250,51105209,1322,734,0.5552193645990923,0.0402518299603508,0.2299713328796278,0.0725449359566186,D-I FCS,0.9044322661282569,1057.597911227154,0,0,8000,0.37,88057.8505
225,149231,NCAA Division I without football,Southern Illinois University-Edwardsville,11235104,141422621,24189169,332150962,141422621,24189169,1772,974,0.5496613995485328,0.0338252941745205,0.4257781466247868,0.0728258285158903,D-I no football,0.9721383014434374,1060.4990757855824,0,0,9321,0.32,35634.69177126918
226,160621,NCAA Division I-FCS,Southern University and A & M College,13026700,35777004,26932306,169554863,35777004,26932306,1223,348,0.2845461978740801,0.0768288197077544,0.2110054726062324,0.1588412477441003,D-I FCS,0.4987316913509533,921.8220084185208,0,0,6508,0.65,26053.297940995697
227,230603,NCAA Division I-FCS,Southern Utah University,18133901,82789904,26309951,231755905,82789904,26309951,1482,920,0.6207827260458839,0.078245691301803,0.3572288870050581,0.1135244040491654,D-I FCS,0.8047420531526837,,1,0,12649,0.24,18322.073286425806
228,175078,NCAA Division II with football,Southwest Minnesota State University,6556438,21870000,8648000,57715000,21870000,8648000,329,145,0.4407294832826747,0.1136002425712553,0.3789309538248289,0.1498397297063155,D-II,0.6893536121673004,1010.0,0,0,6515,0.11,8858.787413660782
229,207865,NCAA Division II with football,Southwestern Oklahoma State University,5681448,41333782,5808808,89286332,41333782,5808808,863,326,0.3777520278099652,0.0636317773699114,0.4629351556294193,0.0650581995013525,D-II,1.0,1040.0,0,0,3939,0.38,22667.258695100278
230,163912,NCAA Division III without football,St. Mary's College of Maryland,4203426,29047615,25411399,89479970,29047615,25411399,341,232,0.6803519061583577,0.0469761668449374,0.3246270087037356,0.2839898024105283,D-III,0.7539401736892891,1230.3636363636363,0,0,1497,0.2,59772.85905143621
231,196149,NCAA Division III with football,State University of New York at Cortland,7265609,70819279,26018775,177178885,70819279,26018775,1288,879,0.6824534161490683,0.041007194508533,0.3997049591998505,0.1468503145846075,D-III,0.5070901871809416,,1,0,5993,0.27,29564.305856832972
232,196176,NCAA Division III without football,State University of New York at New Paltz,3170773,86235152,28770257,193747906,86235152,28770257,1099,757,0.6888080072793449,0.0163654568736345,0.4450894658959565,0.1484932539090254,D-III,0.5869899686134531,1264.954954954955,0,0,6090,0.33,31814.106075533662
233,196194,NCAA Division III without football,State University of New York at Oswego,3971524,84820313,22786537,204845407,84820313,22786537,1461,882,0.6036960985626283,0.0193879084630879,0.4140698795360347,0.1112377247491812,D-III,0.8039405461458693,1176.4887640449438,0,0,5985,0.39,34226.46733500418
234,228431,NCAA Division I-FCS,Stephen F Austin State University,23836563,85358250,36626095,259065225,85358250,36626095,2317,1199,0.5174794993526112,0.0920098905594141,0.3294855571603637,0.1413778904521052,D-I FCS,0.8825351441505838,1072.2222222222222,0,0,9898,0.37,26173.492119620125
235,186876,NCAA Division III without football,Stockton University,6300141,85169694,42857192,249732522,85169694,42857192,1559,1122,0.7196921103271328,0.0252275552641077,0.3410436627072544,0.1716123781427234,D-III,0.8816663097022918,1170.4215456674474,0,0,8138,0.41,30687.21086261981
236,196097,NCAA Division I-FCS,Stony Brook University,40755628,520657409,173957583,3502234403,520657409,173957583,3160,2460,0.7784810126582279,0.0116370360490688,0.1486643522643735,0.049670456909163,D-I FCS,0.49005780576468483,1409.237958303379,0,0,17509,0.38,200024.81026900452
237,228501,NCAA Division II with football,Sul Ross State University,2422152,15220174,11909097,63876350,15220174,11909097,328,90,0.274390243902439,0.0379193864395821,0.2382755746062509,0.1864398482380411,D-II,0.9561975768872321,979.6428571428571,0,0,1550,0.52,41210.54838709677
238,196158,NCAA Division III without football,SUNY at Fredonia,2763341,54109514,15385154,122519705,54109514,15385154,1122,600,0.5347593582887701,0.0225542577008326,0.4416392775349891,0.1255728945805085,D-III,0.7919542164618751,1205.0,0,0,3212,0.37,38144.36643835616
239,196219,NCAA Division III without football,SUNY at Purchase College,2038066,59934363,19423018,148860723,59934363,19423018,757,466,0.6155878467635403,0.0136910929822636,0.4026203943668875,0.1304777889598185,D-III,0.7282924802658911,1275.5813953488373,0,0,3107,0.36,47911.40102993241
240,196121,NCAA Division III with football,SUNY Brockport,5119991,77568218,28911964,191656652,77568218,28911964,1257,712,0.5664280031821798,0.0267143923603549,0.4047248931385903,0.1508529116954417,D-III,0.7128512206356518,1145.967741935484,0,0,5149,0.39,37222.11147795688
241,196130,NCAA Division III with football,SUNY Buffalo State University,4478480,86819827,48847083,225940974,86819827,48847083,1801,649,0.3603553581343698,0.0198214600951485,0.3842588861283744,0.2161940002967323,D-III,0.7587028790064605,1080.0,0,0,5464,0.53,41350.83711566618
242,196167,NCAA Division III without football,SUNY College at Geneseo,4857408,57412198,23656291,138878942,57412198,23656291,1333,961,0.7209302325581395,0.0349758424858968,0.4133974321319354,0.1703374943625362,D-III,0.6352845166555382,1294.871794871795,0,0,4113,0.25,33765.85023097496
243,196246,NCAA Division III without football,SUNY College at Plattsburgh,4479927,56254414,16247951,139387618,56254414,16247951,1108,652,0.5884476534296029,0.0321400642630968,0.4035825764667274,0.1165666738059904,D-III,0.7518430439952437,1180.0,0,0,4004,0.39,34812.092407592405
244,196200,NCAA Division III without football,SUNY College at Potsdam,1757516,46196661,14545261,104413656,46196661,14545261,779,373,0.4788189987163029,0.0168322427097083,0.4424388798338792,0.1393042017415806,D-III,0.8548015364916773,,1,0,2082,0.43,50150.65129682997
245,196033,NCAA Division III without football,SUNY College of Agriculture and Technology at Cobleskill,1872563,24678947,14923868,78157553,24678947,14923868,191,117,0.612565445026178,0.0239588232758515,0.3157589516652344,0.1909459473481724,D-III,0.8325389259612329,1060.0,0,0,1783,0.43,43834.85866517106
246,196006,NCAA Division III with football,SUNY College of Technology at Alfred,3486754,44079194,13316185,95675909,44079194,13316185,293,147,0.5017064846416383,0.0364433851367955,0.4607136160054669,0.1391801252706154,D-III,0.817451205510907,1058.404255319149,0,0,3348,0.45,28577.03375149343
247,196015,NCAA Division III without football,SUNY College of Technology at Canton,3296537,31358118,11652004,75953379,31358118,11652004,208,118,0.5673076923076923,0.0434021111819133,0.4128600782856547,0.1534099490162248,D-III,0.9633614422797325,,1,0,2835,0.47,26791.315343915343
248,196024,NCAA Division III without football,SUNY College of Technology at Delhi,1461349,32108236,11512032,74274181,32108236,11512032,124,73,0.5887096774193549,0.0196750604358734,0.4322933698858288,0.1549937252084947,D-III,0.884097494460542,,1,0,2412,0.46,30793.60737976783
249,196291,NCAA Division III with football,SUNY Maritime College,1083180,26265082,11450635,72580382,26265082,11450635,331,250,0.7552870090634441,0.0149238674439602,0.3618757751922551,0.1577648764648276,D-III,0.7851442602823818,1197.3469387755101,0,0,1295,0.21,56046.627027027025
250,196051,NCAA Division III with football,SUNY Morrisville,3429573,32290136,10151470,79710355,32290136,10151470,127,46,0.3622047244094488,0.0430254387902299,0.4050933658493931,0.1273544698176291,D-III,0.9123389301054275,,1,0,1803,0.55,44209.84747642818
251,196237,NCAA Division III without football,SUNY Old Westbury,1924205,50644145,19053667,110042453,50644145,19053667,659,307,0.4658573596358118,0.0174860242346651,0.4602237011201486,0.1731483303084856,D-III,0.8457994163722931,,1,0,3907,0.47,28165.460199641668
252,196185,NCAA Division III without football,SUNY Oneonta,3745045,61644012,20569322,157233510,61644012,20569322,1381,970,0.7023895727733527,0.0238183641642293,0.392053907592599,0.1308202176495328,D-III,0.7015373352855051,1178.8283378746594,0,0,4859,0.33,32359.232352335872
253,196112,NCAA Division III without football,SUNY Polytechnic Institute,2290429,35990574,31350682,393352582,35990574,31350682,463,274,0.591792656587473,0.0058228396222908,0.0914969817078765,0.0797012233670808,D-III,0.7844408427876823,1247.3333333333333,0,0,1982,0.37,198462.4530776993
254,228529,NCAA Division I-FCS,Tarleton State University,27686274,69280662,28481149,300995511,69280662,28481149,1743,893,0.5123350545037292,0.0919823485340949,0.2301717449865888,0.0946231686491829,D-I FCS,0.9420306425794649,1065.4545454545455,0,0,11880,0.37,25336.322474747474
255,221838,NCAA Division I-FCS,Tennessee State University,20340661,75326814,19932104,259717902,75326814,19932104,1399,472,0.3373838456040028,0.0783182862766233,0.2900331991746953,0.0767452064201565,D-I FCS,0.9262994569433669,1007.9621542940321,0,0,7678,0.52,33826.2440739776
256,221847,NCAA Division I-FCS,Tennessee Technological University,18279402,91486036,19489123,218443975,91486036,19489123,1750,949,0.5422857142857143,0.0836800465657155,0.4188077789739909,0.0892179470731568,D-I FCS,0.8316233470132239,1138.5211267605634,0,0,8537,0.31,25587.908515872085
257,226152,NCAA Division II without football,Texas A & M International University,6607641,45708168,10949248,241157880,45708168,10949248,1116,546,0.489247311827957,0.0273996478987126,0.1895362822064947,0.04540282075792,D-II,0.45962209652184377,1004.377358490566,0,0,6979,0.63,34554.79008453933
258,228723,NCAA Division I-FBS,Texas A & M University-College Station,223847369,1229963036,173059757,4036038657,1229963036,173059757,10096,8458,0.8377575277337559,0.0554621469275981,0.3047451078960267,0.0428786173045814,D-I FBS,0.6324559332703809,1269.7571615530028,0,0,57512,0.19,70177.33093962999
259,224554,NCAA Division I-FCS,Texas A & M University-Commerce,17433995,73686133,17900961,231490648,73686133,17900961,860,395,0.4593023255813953,0.0753118760979061,0.31831148962873,0.0773290893375528,D-I FCS,0.9258899283197667,1064.6991404011462,0,0,7383,0.4,31354.55072463768
260,224147,NCAA Division I without football,Texas A & M University-Corpus Christi,15904566,91781692,22535088,298992349,91781692,22535088,2223,750,0.3373819163292847,0.0531938895867867,0.3069700355442875,0.0753701159088856,D-I no football,0.8947072599531616,1084.592094196804,0,0,7824,0.4,38214.768532719834
261,228705,NCAA Division II with football,Texas A & M University-Kingsville,11384781,56565165,16909870,200641313,56565165,16909870,1077,491,0.4558960074280409,0.0567419582227315,0.2819218243453181,0.084279103576241,D-II,0.9229311433986103,1030.0,0,0,4847,0.55,41394.94800907778
262,228459,NCAA Division I-FBS,Texas State University,46310998,226321160,52063798,819243775,226321160,52063798,5724,3215,0.5616701607267645,0.0565289592832121,0.2762561851629571,0.0635510449865792,D-I FBS,0.8948444181480785,1091.24410933082,0,0,33834,0.36,24213.624608382102
263,229115,NCAA Division I-FBS,Texas Tech University,114344886,307403873,82071886,1206244503,307403873,82071886,5325,3596,0.6753051643192488,0.0947941198617839,0.2548437503636027,0.068039179284036,D-I FBS,0.7088771310993534,1179.9968122409946,0,0,32579,0.26,37025.21572178397
264,229179,NCAA Division II without football,Texas Woman's University,4568437,104662553,43643291,271213446,104662553,43643291,1244,550,0.4421221864951768,0.0168444340329645,0.3859047349739437,0.16091861094527,D-II,0.9498945147679325,,1,0,10153,0.4,26712.64118979612
265,187134,NCAA Division III with football,The College of New Jersey,4962193,87234000,30487000,261068000,87234000,30487000,1537,1310,0.852309694209499,0.0190072816277751,0.3341428286883111,0.1167780041981399,D-III,0.6214432636270141,1246.1212976022566,0,0,7039,0.2,37088.791021451914
266,100751,NCAA Division I-FBS,The University of Alabama,243096720,330839391,127881675,1330548548,330839391,127881675,7380,5438,0.7368563685636856,0.1827041338442015,0.2486488685416986,0.0961119947049087,D-I FBS,0.75824232257181,1280.0,0,0,32458,0.18,40992.930802883726
267,180489,NCAA Division I-FCS,The University of Montana,28044922,92383429,33027204,404381565,92383429,33027204,1219,584,0.4790812141099261,0.0693526224421234,0.2284560845398578,0.0816733670833881,D-I FCS,0.9560439560439561,1180.0,0,0,7215,0.28,56047.34095634096
268,221740,NCAA Division I-FCS,The University of Tennessee-Chattanooga,22508082,99989992,24178167,241202804,99989992,24178167,2134,1133,0.5309278350515464,0.0933160047343396,0.4145473864391725,0.1002399914057383,D-I FCS,0.7702286719437115,1108.0511316010059,0,0,9884,0.32,24403.35936867665
269,221759,NCAA Division I-FBS,The University of Tennessee-Knoxville,204906178,418891785,101310659,1602359215,418891785,101310659,4883,3589,0.7349989760393201,0.1278778042288102,0.2614218965876512,0.0632259346416277,D-I FBS,0.4599310727301537,1296.8058484465064,0,0,27039,0.21,59261.038315026446
270,221768,NCAA Division I-FCS,The University of Tennessee-Martin,15320815,56463801,10339196,125693360,56463801,10339196,1045,573,0.5483253588516747,0.121890408530729,0.4492186460764514,0.0822572966463781,D-I FCS,0.8732448547797653,1080.3062117235345,0,0,6165,0.34,20388.217356042172
271,228769,NCAA Division I without football,The University of Texas at Arlington,18654551,262881483,69245542,832280387,262881483,69245542,3153,1782,0.5651760228353948,0.0224137818112491,0.3158568760073401,0.0831997762792408,D-I no football,0.8128945775317824,1114.3090007087171,0,0,30791,0.4,27029.98886038128
272,228778,NCAA Division I-FBS,The University of Texas at Austin,237475591,993314647,305665896,4164340245,993314647,305665896,8238,7220,0.8764263170672494,0.0570259817951066,0.2385286956781794,0.0734007977294852,D-I FBS,0.29123114855768506,1377.2381930184804,0,0,41309,0.25,100809.51475465395
273,228787,NCAA Division III without football,The University of Texas at Dallas,4294093,296434928,62736746,811986922,296434928,62736746,3083,2304,0.7473240350308141,0.0052883770460529,0.3650735251620222,0.0772632468580571,D-III,0.6546346114554247,1298.0229591836735,0,0,21617,0.3,37562.42411065365
274,228796,NCAA Division I-FBS,The University of Texas at El Paso,36602226,146105840,44351527,559518803,146105840,44351527,3084,1417,0.4594682230869001,0.0654173296835566,0.2611276675897521,0.0792672681636402,D-I FBS,0.9990153074926148,981.8,0,0,20165,0.61,27747.027175799652
275,229027,NCAA Division I-FBS,The University of Texas at San Antonio,48689117,181858029,61593815,767388826,181858029,61593815,4944,2531,0.5119336569579288,0.0634477794702733,0.236982899461713,0.080264154119961,D-I FBS,0.8845623860959239,1101.079766536965,0,0,29654,0.42,25878.088149996627
276,228802,NCAA Division II without football,The University of Texas at Tyler,9252569,198972020,33942020,559467647,198972020,33942020,650,304,0.4676923076923077,0.0165381663258179,0.3556452657574317,0.0606684232448565,D-II,0.9154138742981344,1110.0,0,0,6971,0.38,80256.44053937742
277,227368,NCAA Division I without football,The University of Texas Rio Grande Valley,20007469,251992021,47032559,759034241,251992021,47032559,4189,2064,0.4927190260205299,0.0263591125660429,0.3319903205789631,0.0619636855091495,D-I no football,0.8481760448973563,1015.1791639017916,0,0,26434,0.64,28714.316448513277
278,138354,NCAA Division II with football,The University of West Florida,13028397,71277844,26625333,234757723,71277844,26625333,1067,659,0.6176194939081537,0.0554972029610288,0.3036229994444102,0.1134162176210918,D-II,0.5687112196114332,1131.5759312320918,0,0,9305,0.33,25229.201826974746
279,164076,NCAA Division I-FCS,Towson University,27431821,157652088,63884279,502520640,157652088,63884279,2733,1848,0.6761800219538968,0.0545884463571486,0.3137226124682162,0.1271276718106543,D-I FCS,0.8280029554570403,1164.6534653465346,0,0,16861,0.33,29803.726943834885
280,102368,NCAA Division I-FBS,Troy University,36937664,88946798,40519792,258123773,88946798,40519792,1861,876,0.4707146695325094,0.1431005891890477,0.3445897174298626,0.1569781486186473,D-I FBS,0.926135648672455,1076.9722222222222,0,0,10768,0.42,23971.375650074293
281,178615,NCAA Division II with football,Truman State University,5925685,46101334,6025329,99237449,46101334,6025329,1319,902,0.6838514025777104,0.0597121858704771,0.4645558150129393,0.0607162826202838,D-II,0.7995709469813056,1239.6050096339113,0,0,3622,0.15,27398.522639425733
282,197027,NCAA Division III with football,United States Merchant Marine Academy,4965476,19033806,43298342,101455282,19033806,43298342,263,212,0.8060836501901141,0.0489425084836884,0.1876078369187323,0.4267726740930058,D-III,0.32471264367816094,1222.644376899696,0,0,931,0.07,108974.52416756176
283,196060,NCAA Division I-FCS,University at Albany,22862969,221713275,74891622,584492704,221713275,74891622,2811,1796,0.6389185343294201,0.0391159185453237,0.3793259924079394,0.1281309783466518,D-I FCS,0.6986662329212752,,1,0,12264,0.42,47659.22243966079
284,196088,NCAA Division I-FBS,University at Buffalo,42113971,509489584,142583733,1270172967,509489584,142583733,4031,2959,0.7340610270404366,0.0331560914097142,0.4011182706898217,0.11225536734321,D-I FBS,0.6930384716042921,1297.1502590673574,0,0,20761,0.32,61180.721882375605
285,200800,NCAA Division I-FBS,University of Akron Main Campus,30010416,111294244,45701126,320814963,111294244,45701126,2869,1529,0.5329383060299756,0.0935443151384432,0.3469110136237629,0.1424532246645865,D-I FBS,0.7091176077960218,1080.0,0,0,11328,0.29,28320.52992584746
286,100663,NCAA Division I-FBS,University of Alabama at Birmingham,42655846,349881220,284418368,4677414873,349881220,284418368,2198,1372,0.6242038216560509,0.0091195344347638,0.0748022635365661,0.060806743836597,D-I FBS,0.8842384833775987,1241.7188898836168,0,0,13032,0.33,358917.65446593
287,100706,NCAA Division II without football,University of Alabama in Huntsville,8054352,72583420,23128046,306323891,72583420,23128046,1339,829,0.6191187453323376,0.0262935808686237,0.2369499152124572,0.0755019333441412,D-II,0.7425090549884754,1311.8037135278514,0,0,7169,0.22,42728.95675826475
288,102553,NCAA Division II without football,University of Alaska Anchorage,9963831,109733004,39682059,272589585,109733004,39682059,946,289,0.3054968287526427,0.0365525007127473,0.4025575812076606,0.1455743769520761,D-II,0.6651858779518354,,1,0,9925,0.19,27464.945591939548
289,102614,NCAA Division II without football,University of Alaska Fairbanks,8552795,87128636,41527575,461221438,87128636,41527575,387,142,0.3669250645994832,0.0185437932744141,0.1889084696015366,0.0900382583690743,D-II,,,1,1,5636,0.22,81834.88963804116
290,104179,NCAA Division I-FBS,University of Arizona,138959027,711445000,241591000,2583810000,711445000,241591000,5875,3871,0.6588936170212766,0.0537806676961541,0.2753472585058499,0.0935018441758488,D-I FBS,0.8566039740728935,1254.775,0,0,38751,0.26,66677.2470387861
291,106397,NCAA Division I-FBS,University of Arkansas,170011614,307023465,71733106,1095951026,307023465,71733106,5028,3518,0.6996817820206842,0.1551270175096309,0.2801434167369446,0.065452838948298,D-I FBS,0.7167388064996807,1166.8170842137035,0,0,26269,0.17,41720.31771289353
292,106245,NCAA Division I without football,University of Arkansas at Little Rock,15147282,55126124,25512002,182867851,55126124,25512002,705,294,0.4170212765957446,0.0828318477915508,0.3014533374704556,0.1395105911754822,D-I no football,0.5774378585086042,1040.0,0,0,5825,0.41,31393.622489270387
293,106485,NCAA Division II with football,University of Arkansas at Monticello,4585105,22333943,8772581,48932018,22333943,8772581,404,182,0.4504950495049505,0.0937035746206093,0.4564279977171593,0.1792809975668692,D-II,,,1,1,2270,0.49,21555.955066079296
294,106412,NCAA Division I-FCS,University of Arkansas at Pine Bluff,9236849,26340250,20261480,100110341,26340250,20261480,503,200,0.3976143141153082,0.0922666820203918,0.2631121793901391,0.2023914792179161,D-I FCS,0.57542194092827,898.8598901098901,0,0,2182,0.67,45880.082951420714
295,108092,NCAA Division II without football,University of Arkansas-Fort Smith,4708848,37767522,13921253,82563966,37767522,13921253,756,291,0.3849206349206349,0.0570327253901538,0.4574334764877937,0.1686117282689642,D-II,0.8147179678744864,1040.0,0,0,5335,0.39,15475.90740393627
296,110635,NCAA Division I-FBS,University of California-Berkeley,146563317,1002622163,388822454,3610172375,1002622163,388822454,6344,5893,0.9289092055485498,0.0405973182928696,0.2777214101861271,0.1077019082779946,D-I FBS,0.11656738940513064,,1,0,32479,0.27,111154.04953970258
297,110644,NCAA Division I-FCS,University of California-Davis,46626686,1218534817,206060646,6669579225,1218534817,206060646,5832,4961,0.8506515775034293,0.0069909486681298,0.1827004037124995,0.0308955991148002,D-I FCS,0.416327651975443,,1,0,31532,0.31,211517.79858556387
298,110653,NCAA Division I without football,University of California-Irvine,29611950,1046816321,127332562,4670303857,1046816321,127332562,6534,5616,0.859504132231405,0.0063404761032018,0.2241430864141737,0.0272642992616315,D-I no football,0.2556708862850018,,1,0,28662,0.37,162944.10219105435
299,110662,NCAA Division I-FBS,University of California-Los Angeles,170897220,3269404699,336998098,11584812021,3269404699,336998098,6020,5578,0.926578073089701,0.014751833667237,0.2822147388385319,0.0290896474961455,D-I FBS,0.08729087133232354,,1,0,32423,0.27,357302.2860623631
300,110671,NCAA Division I without football,University of California-Riverside,16771144,421724156,87443549,1587553883,421724156,87443549,4574,3502,0.7656318320944469,0.0105641415888874,0.2656439951525097,0.0550806810001043,D-I no football,0.6330186125750314,,1,0,22911,0.47,69292.21260529876
301,110680,NCAA Division II without football,University of California-San Diego,30251874,1126668134,311220733,7915985516,1126668134,311220733,5690,4986,0.876274165202109,0.0038216181597167,0.1423282207531517,0.0393154752962789,D-II,0.2451766829037019,,1,0,33096,0.33,239182.54520183709
302,110705,NCAA Division I without football,University of California-Santa Barbara,28864183,405944598,67505828,1568891119,405944598,67505828,4514,3866,0.8564466105449712,0.0183978242023562,0.2587461890017876,0.0430277328888366,D-I no football,0.2778364044700598,,1,0,23459,0.28,66878.00498742487
303,110714,NCAA Division III without football,University of California-Santa Cruz,4358257,255316003,76980976,968270414,255316003,76980976,4032,3002,0.7445436507936508,0.0045010742216068,0.2636825408568148,0.0795035920616283,D-III,0.6253758442878931,,1,0,17502,0.32,55323.41526682665
304,106704,NCAA Division I-FCS,University of Central Arkansas,16831604,79385547,16973637,219734640,79385547,16973637,1927,1028,0.5334717176959004,0.0765996840552768,0.3612791638132249,0.0772460682576038,D-I FCS,0.9046896342388829,1107.590076786769,0,0,7994,0.37,27487.445584188143
305,132903,NCAA Division I-FBS,University of Central Florida,90055820,473157835,136551966,1382919989,473157835,136551966,6680,5020,0.7514970059880239,0.0651200508462677,0.3421440421453044,0.0987417689281805,D-I FBS,0.39521995150675443,1265.4929233772573,0,0,58662,0.33,23574.37504687873
306,176965,NCAA Division II with football,University of Central Missouri,14008234,99544739,15102012,225435139,99544739,15102012,1662,821,0.4939831528279181,0.062138644676862,0.4415670930519842,0.0669904969872509,D-II,0.6860652436568667,1080.0,0,0,7345,0.26,30692.326616746086
307,206941,NCAA Division II with football,University of Central Oklahoma,13208294,101678627,27537148,216571271,101678627,27537148,1998,751,0.3758758758758759,0.0609882092809992,0.4694926826190164,0.1271505120362894,D-II,0.8175935288169869,1040.0,0,0,10739,0.35,20166.80054008753
308,201885,NCAA Division I-FBS,University of Cincinnati-Main Campus,89597392,460029671,158442124,1472319398,460029671,158442124,5349,3827,0.7154608338007105,0.0608545891073018,0.3124523602860254,0.1076139621709989,D-I FBS,0.8767375244987186,1273.06765523633,0,0,30768,0.18,47852.29452678107
309,126614,NCAA Division I-FBS,University of Colorado Boulder,138325220,656445215,122447000,1963536554,656445215,122447000,6468,4853,0.7503092145949288,0.0704469798223068,0.3343177969682962,0.0623604382360788,D-I FBS,0.8327596354491786,1349.786304031083,0,0,31034,0.15,63270.495392150544
310,126580,NCAA Division II without football,University of Colorado Colorado Springs,7292456,104495811,38081958,258857877,104495811,38081958,1930,875,0.4533678756476684,0.0281716596169101,0.4036802441982478,0.1471153145554075,D-II,0.9656567198351522,1138.4497206703911,0,0,9540,0.26,27133.949371069182
311,129020,NCAA Division I-FBS,University of Connecticut,91528665,664406909,140463816,2848664715,664406909,140463816,3644,3057,0.8389132821075741,0.0321303748096588,0.2332345065045677,0.0493086516150427,D-I FBS,0.5394790438417837,1336.593023255814,0,0,18983,0.24,150063.98962229362
312,134130,NCAA Division I-FBS,University of Florida,180556616,1347673000,240617000,4663419000,1347673000,240617000,6292,5753,0.9143356643356644,0.0387176481461348,0.2889881865644069,0.0515966933273634,D-I FBS,0.2402600382409178,1393.4325980392157,0,0,34552,0.22,134968.13498495021
313,139959,NCAA Division I-FBS,University of Georgia,182882099,439309622,124101895,1909017084,439309622,124101895,5763,5069,0.8795766094048239,0.0957990897686487,0.2301234628448197,0.0650082684121228,D-I FBS,0.3719800087519289,1392.9489913072002,0,0,30714,0.17,62154.6227778863
314,141565,NCAA Division II without football,University of Hawaii at Hilo,6082516,49974194,8389008,122418376,49974194,8389008,406,169,0.4162561576354679,0.0496862987301841,0.4082246116383703,0.0685273589971492,D-II,0.897736143637783,1019.0425531914893,0,0,2593,0.4,47211.0975703818
315,141574,NCAA Division I-FBS,University of Hawaii at Manoa,53350682,376256607,33604437,1079657180,376256607,33604437,1897,1187,0.6257248286768582,0.049414465061956,0.3484963690048354,0.0311250993579276,D-I FBS,0.6968924053927438,1151.578947368421,0,0,14198,0.25,76042.90604310467
316,225511,NCAA Division I-FBS,University of Houston,98914486,355013689,106082218,1271642210,355013689,106082218,4741,3078,0.6492301202278,0.0777848401241729,0.2791773395128178,0.0834214350277032,D-I FBS,0.6953210010881393,1227.629179331307,0,0,37943,0.41,33514.540494952955
317,142285,NCAA Division I-FCS,University of Idaho,24112825,119793445,58734877,488577441,119793445,58734877,1514,922,0.6089828269484808,0.0493531280335966,0.2451882443749587,0.1202161051066621,D-I FCS,0.7908689248895434,1087.3826745164004,0,0,8809,0.23,55463.43977750029
318,145600,NCAA Division I without football,University of Illinois Chicago,23459262,847682184,89301033,3248061411,847682184,89301033,4010,2418,0.6029925187032419,0.0072225426282126,0.2609809596361723,0.027493640575135,D-I no football,0.7850118017309206,1240.2827763496143,0,0,21807,0.5,148945.81606823497
319,148654,NCAA Division II without football,University of Illinois Springfield,5337503,30370109,11899073,111192169,30370109,11899073,244,150,0.6147540983606558,0.0480025081622429,0.2731317256703572,0.1070135883400206,D-II,0.843687374749499,1115.648854961832,0,0,2393,0.36,46465.59506895111
320,145637,NCAA Division I-FBS,University of Illinois Urbana-Champaign,149390875,784080941,63393088,2776202683,784080941,63393088,7498,6365,0.8488930381435049,0.0538112278022029,0.2824292858015367,0.0228344595977036,D-I FBS,0.436897237306745,1415.4431545973835,0,0,35120,0.24,79049.0513382688
321,153658,NCAA Division I-FBS,University of Iowa,150493777,436787000,78127000,4633304000,436787000,78127000,4707,3439,0.7306139791799448,0.0324808769292927,0.0942711723642567,0.0168620491985848,D-I FBS,0.8467409080289697,1212.4408246373123,0,0,21973,0.18,210863.51431302054
322,155317,NCAA Division I-FBS,University of Kansas,156040840,541229119,106520576,1564691910,541229119,106520576,4072,2801,0.68786836935167,0.0997262393975054,0.3459013979307914,0.0680776677627227,D-I FBS,0.882034744616665,1177.2148859543818,0,0,19241,0.2,81320.71669871628
323,157085,NCAA Division I-FBS,University of Kentucky,193915782,360726854,108473816,5428688839,360726854,108473816,4719,3291,0.6973935155753338,0.0357205556905192,0.0664482464731664,0.0199815865703552,D-I FBS,0.923847979314986,1204.559686888454,0,0,22735,0.21,238781.12333406642
324,160658,NCAA Division I-FBS,University of Louisiana at Lafayette,42952287,117346812,39867879,410333119,117346812,39867879,2971,1545,0.5200269269606194,0.1046766273818614,0.2859793825221307,0.097159788362099,D-I FBS,0.8882854199831445,1209.58071278826,0,0,12950,0.39,31685.955135135137
325,159993,NCAA Division I-FBS,University of Louisiana at Monroe,20557764,50363289,16361595,150668394,50363289,16361595,1338,678,0.5067264573991032,0.1364437720096757,0.3342657850325264,0.1085934120994214,D-I FBS,0.7455924559245592,1093.0907278165503,0,0,6552,0.33,22995.78663003663
326,157289,NCAA Division I-FBS,University of Louisville,165168798,302026000,122252000,1222977000,302026000,122252000,2607,1582,0.6068277713847334,0.1350547050353359,0.2469596729946679,0.0999626321672443,D-I FBS,0.8054112408069631,1138.5127566894835,0,0,15921,0.29,76815.33823252308
327,161253,NCAA Division I-FCS,University of Maine,20148241,121519000,42093000,471481000,121519000,42093000,2330,1318,0.5656652360515021,0.0427339404981324,0.2577389120664459,0.0892782529942882,D-I FCS,0.9571275455519829,,1,0,9877,0.22,47735.24349498835
328,161226,NCAA Division III without football,University of Maine at Farmington,2019515,17939000,5134000,46892000,17939000,5134000,436,230,0.5275229357798165,0.0430673675680286,0.3825599249338906,0.1094856265461059,D-III,0.9762633996937213,1040.0,0,0,1558,0.32,30097.560975609755
329,161341,NCAA Division III without football,University of Maine at Presque Isle,1159316,8457000,2971000,25700000,8457000,2971000,134,49,0.3656716417910448,0.0451095719844358,0.3290661478599221,0.1156031128404669,D-III,0.9708609271523179,,1,0,1821,0.26,14113.124656781987
330,232681,NCAA Division III without football,University of Mary Washington,4959297,38949234,18075134,128460427,38949234,18075134,932,628,0.6738197424892703,0.03860564000772,0.30320025325776,0.1407058533286675,D-III,0.8625705601389492,1240.0,0,0,3493,0.2,36776.53220727169
331,163338,NCAA Division I without football,University of Maryland Eastern Shore,9402536,51863815,30568878,152996605,51863815,30568878,560,194,0.3464285714285714,0.061455847337266,0.3389867049664272,0.199801021728554,D-I no football,0.9036354581673307,,1,0,1933,0.53,79149.82152095188
332,163268,NCAA Division I without football,University of Maryland-Baltimore County,19640590,167674232,49774931,564638565,167674232,49774931,1759,1241,0.7055144968732234,0.0347843580255627,0.296958518942113,0.0881536155788437,D-I no football,0.7423574144486692,1297.991513437058,0,0,10625,0.3,53142.45317647059
333,163286,NCAA Division I-FBS,University of Maryland-College Park,132764504,705578692,151184065,2417238070,705578692,151184065,5173,4591,0.8874927508215735,0.0549240497440949,0.2918945803298555,0.0625441353403804,D-I FBS,0.44840594843121073,1460.0,0,0,30353,0.19,79637.53401640695
334,166629,NCAA Division I-FBS,University of Massachusetts-Amherst,49525166,621458123,139445548,1515351977,621458123,139445548,4697,3916,0.8337236533957846,0.0326822855360949,0.4101081019013974,0.0920218867408387,D-I FBS,0.577681262890687,1391.265281173594,0,0,24391,0.2,62127.50510434176
335,166638,NCAA Division III without football,University of Massachusetts-Boston,5738015,214706000,77541000,491737000,214706000,77541000,1787,914,0.5114717403469502,0.0116688697413454,0.436627709527654,0.1576879510795404,D-III,0.8295726168849794,1187.2096128170895,0,0,12221,0.43,40237.050977825056
336,167987,NCAA Division III with football,University of Massachusetts-Dartmouth,5128985,105078000,41878000,291221000,105078000,41878000,1311,642,0.4897025171624714,0.017612002568496,0.3608187596361526,0.1438014428904508,D-III,0.9215846436593833,1151.7368421052631,0,0,5517,0.36,52786.115642559365
337,166513,NCAA Division I without football,University of Massachusetts-Lowell,23303628,192587000,55776000,554988000,192587000,55776000,1992,1397,0.7013052208835341,0.0419894267984172,0.3470111065464478,0.1004994702588164,D-I no football,0.8523915109280963,1252.304283604136,0,0,12389,0.27,44796.835902817016
338,220862,NCAA Division I-FBS,University of Memphis,62737618,144879790,36175489,524400405,144879790,36175489,2606,1288,0.4942440521872601,0.1196368603109679,0.2762770368188407,0.0689844795219027,D-I FBS,0.9338235294117647,1041.2057416267942,0,0,16708,0.4,31386.1865573378
339,170976,NCAA Division I-FBS,University of Michigan-Ann Arbor,220814081,1413154000,473790000,12424128000,1413154000,473790000,6812,6350,0.9321785085143864,0.0177730043508888,0.1137427109572599,0.0381346682841644,D-I FBS,0.17940934818331203,1467.4023995429443,0,0,32695,0.18,380000.85640006117
340,174075,NCAA Division II without football,University of Minnesota-Crookston,5959751,11894936,3539981,40409538,11894936,3539981,187,93,0.4973262032085561,0.1474837697971206,0.2943596138119668,0.0876026100570612,D-II,0.5837751855779427,,1,0,2303,0.19,17546.477637863656
341,174233,NCAA Division II with football,University of Minnesota-Duluth,13920940,75877618,14972050,248691469,75877618,14972050,2256,1454,0.6445035460992907,0.055976749246674,0.3051074421857229,0.0602033115981151,D-II,0.8175121027152179,1210.8816120906802,0,0,8810,0.18,28228.316572077187
342,174251,NCAA Division III with football,University of Minnesota-Morris,1793804,15205080,3715132,50010051,15205080,3715132,352,218,0.6193181818181818,0.035868869639825,0.3040404817823521,0.0742877066852021,D-III,0.7046304285303423,,1,0,1068,0.31,46825.8904494382
343,174066,NCAA Division I-FBS,University of Minnesota-Twin Cities,138599675,811300984,320424912,3682010227,811300984,320424912,6179,5241,0.8481955008901116,0.0376423927298342,0.2203418605550766,0.0870244492126447,D-I FBS,0.7702631512931791,1351.2921348314608,0,0,39248,0.17,93813.95808703628
344,176017,NCAA Division I-FBS,University of Mississippi,145401658,365073202,151102104,2522958161,365073202,151102104,3634,2489,0.6849201981287837,0.0576314186448373,0.1447004582332429,0.0598908481066959,D-I FBS,0.9777634084132629,1179.9186634425148,0,0,17302,0.22,145818.8741763958
345,178396,NCAA Division I-FBS,University of Missouri-Columbia,157734870,363819810,100900982,3187522903,363819810,100900982,4084,3111,0.7617531831537708,0.0494850938487515,0.1141387281194384,0.0316549825900968,D-I FBS,0.7702247450274586,1238.689233901756,0,0,23745,0.2,134239.75165297958
346,178402,NCAA Division I without football,University of Missouri-Kansas City,17404163,151467107,51260332,463151884,151467107,51260332,1116,613,0.5492831541218638,0.0375776577862306,0.3270354979275006,0.1106771531560908,D-I no football,0.7499138228197173,1220.7057057057057,0,0,10179,0.25,45500.72541507024
347,178420,NCAA Division II without football,University of Missouri-St Louis,6099282,83060970,27884276,241488309,83060970,27884276,466,265,0.5686695278969958,0.0252570487791191,0.3439544147870115,0.1154684303992538,D-II,0.5716446941862978,1138.25,0,0,12415,0.18,19451.33378977044
348,101709,NCAA Division II without football,University of Montevallo,8248768,30177563,20880053,81795827,30177563,20880053,482,238,0.4937759336099585,0.1008458292132678,0.3689376843148734,0.2552703941730426,D-II,0.5389694041867955,,1,0,2172,0.39,37659.22053406998
349,181215,NCAA Division II with football,University of Nebraska at Kearney,10046054,52051190,12387379,124223823,52051190,12387379,730,439,0.6013698630136987,0.0808705911425701,0.4190113356920274,0.0997182239351947,D-II,0.8578519233420654,1079.2076830732292,0,0,4269,0.34,29099.044975404075
350,181394,NCAA Division I without football,University of Nebraska at Omaha,27244703,136712802,31232966,312449036,136712802,31232966,1542,761,0.493514915693904,0.0871972701493628,0.437552324533336,0.0999617934490922,D-I no football,0.8690464152088179,1110.0,0,0,12026,0.33,25981.12722434725
351,181464,NCAA Division I-FBS,University of Nebraska-Lincoln,175438100,274517187,65451803,1205842444,274517187,65451803,4312,2845,0.6597866419294991,0.1454900686842965,0.2276559332986955,0.0542789012989826,D-I FBS,0.7707186835939629,1181.7680074836296,0,0,19189,0.22,62840.2962113711
352,182281,NCAA Division I-FBS,University of Nevada-Las Vegas,65376772,391596000,65123000,920612000,391596000,65123000,4043,2027,0.5013603759584467,0.0710144686360812,0.4253648659804565,0.0707388128766516,D-I FBS,0.9625572269457161,1082.7548682703323,0,0,25365,0.4,36294.57914449044
353,182290,NCAA Division I-FBS,University of Nevada-Reno,53916558,275996495,81480491,836784547,275996495,81480491,3587,2240,0.6244772790632841,0.0644330230443416,0.3298298181885521,0.097373321833105,D-I FBS,0.8530861762965884,,1,0,16973,0.24,49300.92187592058
354,183044,NCAA Division I-FCS,University of New Hampshire-Main Campus,34986719,173594764,50991921,680717770,173594764,50991921,2954,2267,0.7674339878131348,0.0513968057569585,0.2550172357040128,0.074909049311288,D-I FCS,0.8686742950160387,1228.2903981264637,0,0,11532,0.18,59028.59608047173
355,187985,NCAA Division I-FBS,University of New Mexico-Main Campus,53043230,277403905,73789278,3020111368,277403905,73789278,3164,1662,0.5252844500632111,0.0175633357637161,0.0918522104645778,0.0244326347636859,D-I FBS,0.9545208026652204,1045.129020855426,0,0,15910,0.36,189824.72457573854
356,159939,NCAA Division I without football,University of New Orleans,7856085,37587039,15847407,179310299,37587039,15847407,948,403,0.4251054852320675,0.043812792928308,0.2096200787663624,0.0883797923955277,D-I no football,0.6677237005377086,1046.370056497175,0,0,5804,0.4,30894.26240523777
357,101879,NCAA Division I-FCS,University of North Alabama,15423738,57234317,13339192,151557273,57234317,13339192,1105,597,0.5402714932126697,0.1017683790074528,0.3776415071812489,0.0880141990942262,D-I FCS,0.964756707594361,,1,0,7214,0.24,21008.770862212365
358,199111,NCAA Division I without football,University of North Carolina Asheville,9002141,34280188,16859725,103497598,34280188,16859725,646,355,0.5495356037151703,0.0869792263198224,0.3312172326936515,0.1628996742513773,D-I no football,0.9388838060384264,1240.0,0,0,2914,0.31,35517.36376115306
359,199120,NCAA Division I-FBS,University of North Carolina at Chapel Hill,149062850,951595762,244115202,3618423208,951595762,244115202,4351,4006,0.920707883245231,0.0411955267339751,0.2629863084826864,0.0674645247300768,D-I FBS,0.18738558253600912,1448.3929777177582,0,0,20029,0.2,180659.20455339758
360,199139,NCAA Division I-FBS,University of North Carolina at Charlotte,47156982,274345001,53315625,705130768,274345001,53315625,3351,2269,0.6771113100566994,0.0668769314006164,0.3890696782075463,0.0756109751829748,D-I FBS,0.8021498744438081,1195.614702154626,0,0,23461,0.34,30055.443842973444
361,199148,NCAA Division I without football,University of North Carolina at Greensboro,16564466,157565765,47152209,444681624,157565765,47152209,2767,1602,0.5789663895916155,0.0372501697978866,0.3543338795578384,0.1060358837764791,D-I no football,0.8982955004443008,1180.0,0,0,14198,0.47,31320.018594168192
362,199281,NCAA Division II with football,University of North Carolina at Pembroke,4461316,48092100,24493278,157672592,48092100,24493278,1022,455,0.4452054794520548,0.0282948097916726,0.3050124272708093,0.1553426482644491,D-II,0.9236411263916176,,1,0,5643,0.48,27941.27095516569
363,199218,NCAA Division I without football,University of North Carolina Wilmington,20640983,164495414,35457901,390457967,164495414,35457901,2135,1510,0.7072599531615925,0.0528635211584759,0.4212884046492,0.0908110577751381,D-I no football,0.7401266551525619,1255.12,0,0,14294,0.24,27316.214285714286
364,200280,NCAA Division I-FCS,University of North Dakota,31552730,209718811,44387596,599219937,209718811,44387596,1920,1216,0.6333333333333333,0.0526563421069883,0.3499863706971419,0.0740756327672054,D-I FCS,0.7708753529649052,,1,0,9928,0.16,60356.56093875907
365,136172,NCAA Division I without football,University of North Florida,17324591,120083912,32648281,329543847,120083912,32648281,2134,1455,0.6818181818181818,0.0525714291367121,0.364394338092436,0.0990711290689035,D-I no football,0.6226817507418397,1112.03125,0,0,14171,0.31,23254.805377178745
366,482680,NCAA Division II without football,University of North Georgia,6517782,86969250,29746799,272586461,86969250,29746799,1450,788,0.543448275862069,0.0239108794181821,0.3190519796212476,0.1091279401437329,D-II,0.7215679532364824,1133.1317964332318,0,0,17256,0.28,15796.619204914232
367,227216,NCAA Division I-FBS,University of North Texas,53633725,246929777,67952066,944733260,246929777,67952066,4699,2799,0.5956586507767611,0.0567712890726425,0.2613751282557788,0.0719272506612078,D-I FBS,0.72461759991306,1107.472885032538,0,0,33021,0.36,28610.07419520911
368,127741,NCAA Division I-FCS,University of Northern Colorado,21711259,74394498,25974957,219669414,74394498,25974957,2131,1094,0.5133740028155795,0.0988360582597994,0.3386657097378154,0.1182456698318501,D-I FCS,0.8643176951528129,1075.7313432835822,0,0,6728,0.26,32650.031807372176
369,154095,NCAA Division I-FCS,University of Northern Iowa,17006201,89241906,28592543,254920216,89241906,28592543,1806,1245,0.6893687707641196,0.0667118570149022,0.3500777906135149,0.1121627129015142,D-I FCS,0.9440260533279056,1110.4904632152588,0,0,7735,0.24,32956.71829347123
370,207500,NCAA Division I-FBS,University of Oklahoma-Norman Campus,188623620,354135000,41016000,1195663000,354135000,41016000,3955,2978,0.7529709228824273,0.1577565083137974,0.2961829545616114,0.0343039803021419,D-I FBS,0.7654116488337736,1232.4095022624435,0,0,21282,0.24,56181.890799736866
371,209551,NCAA Division I-FBS,University of Oregon,148961287,331064432,123777993,1161521021,331064432,123777993,3860,2759,0.7147668393782384,0.128246742251598,0.2850266383599096,0.1065654351166495,D-I FBS,0.8510659898477158,1253.9863945578231,0,0,19565,0.22,59367.28959877332
372,243133,NCAA Division II without football,University of Puerto Rico-Bayamon,477258,15729812,7107959,29090368,15729812,7107959,885,277,0.3129943502824859,0.0164060489025095,0.5407223449356158,0.2443406353608177,D-II,0.924548352816153,,1,0,3022,0.78,9626.197220383852
373,243197,NCAA Division II without football,University of Puerto Rico-Mayaguez,1374682,62997633,62599396,155870060,62997633,62599396,2285,1073,0.4695842450765864,0.008819410218999,0.4041676316798749,0.4016127022726494,D-II,0.5216795983569147,,1,0,10201,0.65,15279.880403881973
374,243221,NCAA Division II without football,University of Puerto Rico-Rio Piedras,1523196,94478556,17036809,160313406,94478556,17036809,2113,1109,0.5248461902508282,0.009501363847263,0.5893365898545003,0.1062718921959652,D-II,0.5320471596998928,,1,0,9212,0.65,17402.671081198438
375,217484,NCAA Division I-FCS,University of Rhode Island,37039351,167197080,67478154,634875270,167197080,67478154,3164,2217,0.7006953223767383,0.0583411462853168,0.2633542175930085,0.1062856866357387,D-I FCS,0.7706667716907566,1174.6946564885495,0,0,14768,0.21,42989.92890032503
376,102094,NCAA Division I-FBS,University of South Alabama,30591632,140801000,26268000,1242246000,140801000,26268000,1868,981,0.5251605995717344,0.0246260660126899,0.1133438948485243,0.0211455702010712,D-I FBS,0.6548876359882474,1109.2815420560748,0,0,8491,0.37,146301.49570133083
377,218645,NCAA Division II without football,University of South Carolina Aiken,5182036,30247635,7494641,67526317,30247635,7494641,566,227,0.4010600706713781,0.0767409838152434,0.4479384681975177,0.110988446178695,D-II,0.7972461273666093,1059.89010989011,0,0,3145,0.37,21471.006995230524
378,218654,NCAA Division II without football,University of South Carolina Beaufort,2992483,17768203,3969289,40395421,17768203,3969289,482,186,0.3858921161825726,0.0740797577032307,0.4398568590236997,0.0982608647648455,D-II,0.6918032786885245,,1,0,2053,0.4,19676.28884559182
379,218663,NCAA Division I-FBS,University of South Carolina-Columbia,183652273,495112543,109441316,1331931476,495112543,109441316,5869,4563,0.777474867950247,0.137884175206623,0.3717252365616442,0.0821673772052219,D-I FBS,0.6149265241420676,1293.8418552668343,0,0,27343,0.19,48711.97293640054
380,218742,NCAA Division I without football,University of South Carolina-Upstate,10502773,36832248,11721637,87643609,36832248,11721637,877,372,0.4241733181299886,0.119835012727511,0.4202502432322247,0.1337420621279984,D-I no football,0.6960922125386562,1077.96875,0,0,4481,0.45,19558.939745592503
381,219471,NCAA Division I-FCS,University of South Dakota,21548929,84707252,25351562,241202863,84707252,25351562,1185,730,0.6160337552742616,0.0893394412155049,0.3511867601671046,0.1051047308671456,D-I FCS,0.9895307534118527,1112.4805447470817,0,0,7132,0.18,33819.80692652833
382,137351,NCAA Division I-FBS,University of South Florida,95425212,518674267,136752438,1671993142,518674267,136752438,4846,3614,0.7457697069748246,0.0570727293090775,0.3102131545704629,0.0817900711221936,D-I FBS,0.4095755288631169,1232.4831983456834,0,0,38047,0.3,43945.46592372592
383,151306,NCAA Division II without football,University of Southern Indiana,10433733,62148095,27048250,160607066,62148095,27048250,1673,869,0.5194261805140467,0.0649643459647037,0.3869574144390384,0.1684125778127345,D-II,0.9464936247723132,1129.5342465753424,0,0,7355,0.22,21836.446770904146
384,161554,NCAA Division III without football,University of Southern Maine,4800396,61156000,21674000,211191000,61156000,21674000,887,411,0.4633596392333709,0.0227301163401849,0.2895767338570298,0.1026274793906937,D-III,0.7930619955349476,1128.804347826087,0,0,5616,0.26,37605.23504273504
385,176372,NCAA Division I-FBS,University of Southern Mississippi,28107301,99375736,28099813,373218174,99375736,28099813,1894,958,0.5058078141499472,0.0753106439023518,0.2662671405707054,0.0752905805707093,D-I FBS,0.9937627579950102,1110.0,0,0,10258,0.47,36383.13257945018
386,131399,NCAA Division II without football,University of the District of Columbia,4863035,28418630,55996024,193183162,28418630,55996024,172,68,0.3953488372093023,0.025173182536478,0.1471071790407903,0.2898597549614598,D-II,,,1,1,3057,0.43,63193.70690219169
387,206084,NCAA Division I-FBS,University of Toledo,37298170,236075489,53664529,1057051423,236075489,53664529,2973,1722,0.579212916246216,0.0352851045733846,0.2233339683040188,0.0507681346738038,D-I FBS,0.9483190271816881,1201.8587360594795,0,0,11977,0.26,88256.77740669617
388,230764,NCAA Division I-FBS,University of Utah,111749094,568159000,364122000,7298992000,568159000,364122000,3696,2362,0.6390692640692641,0.0153102091357272,0.0778407484211518,0.0498866144804652,D-I FBS,0.8717168203165768,1223.0309139784947,0,0,26355,0.2,276949.041927528
389,231174,NCAA Division I without football,University of Vermont,23613400,178333000,64142000,741896000,178333000,64142000,2621,2059,0.7855780236550934,0.0318284503488359,0.2403746616776475,0.0864568618782147,D-I no football,0.6001912452188696,1354.4780635400907,0,0,11898,0.13,62354.68145906875
390,233897,NCAA Division II with football,University of Virginia's College at Wise,5375071,17830686,10598606,66189323,17830686,10598606,261,130,0.4980842911877394,0.0812075234551046,0.2693891581275125,0.1601256142172658,D-II,0.9391796322489392,1099.4202898550725,0,0,1704,0.33,38843.49941314554
391,234076,NCAA Division I-FBS,University of Virginia-Main Campus,134608065,633538014,160909663,5061591300,633538014,160909663,3787,3609,0.9529970953261157,0.0265940209356689,0.1251657782010175,0.0317903310368025,D-I FBS,0.16864208887630908,1482.7653846153846,0,0,17444,0.14,290162.3079568906
392,236948,NCAA Division I-FBS,University of Washington-Seattle Campus,187686516,1849841221,359748684,8080204974,1849841221,359748684,6713,5619,0.8370326232682854,0.02322793995993,0.2289349375359051,0.0445222225373709,D-I FBS,0.4253219709104889,,1,0,36213,0.15,223129.95261370225
393,101587,NCAA Division II with football,University of West Alabama,9697700,40225171,8109708,87892801,40225171,8109708,441,166,0.3764172335600907,0.1103355438632568,0.4576617259017607,0.092268171087186,D-II,0.871141597256247,1005.4629629629629,0,0,2418,0.54,36349.380066170386
394,141334,NCAA Division II with football,University of West Georgia,10334036,94853888,23800528,229729728,94853888,23800528,2176,930,0.4273897058823529,0.0449834511622283,0.4128933979323738,0.1036022991330055,D-II,0.4937492558637933,1040.0,0,0,8687,0.42,26445.23172556694
395,240268,NCAA Division III with football,University of Wisconsin-Eau Claire,6877794,80569760,18810761,204220717,80569760,18810761,2343,1583,0.6756295347844644,0.0336782384325876,0.3945229513614919,0.0921099547407817,D-III,0.7608337372758119,1180.0,0,0,9423,0.19,21672.579539424813
396,240277,NCAA Division I without football,University of Wisconsin-Green Bay,12675912,42618854,10964785,137972676,42618854,10964785,938,498,0.5309168443496801,0.09187262556247,0.3088934362626988,0.0794706989665113,D-I no football,0.8783932214027931,1080.0,0,0,9146,0.23,15085.575770828778
397,240329,NCAA Division III with football,University of Wisconsin-La Crosse,6703575,74892251,18480170,184861159,74892251,18480170,2114,1505,0.7119205298013245,0.0362627554444792,0.4051270229242693,0.0999678358610745,D-III,0.7324945295404814,1180.0,0,0,9347,0.14,19777.592703541242
398,240444,NCAA Division I-FBS,University of Wisconsin-Madison,172873023,895860351,161082094,4038109175,895860351,161082094,6597,5893,0.893284826436259,0.0428103886022348,0.221851443875338,0.0398904752247071,D-I FBS,0.43349342571451066,1395.0777202072538,0,0,36306,0.15,111224.29281661434
399,240453,NCAA Division I without football,University of Wisconsin-Milwaukee,14758861,198950172,42414214,590625608,198950172,42414214,3190,1633,0.5119122257053291,0.0249885220012336,0.3368465053076398,0.0718123518951789,D-I no football,0.8844076341375585,1080.0,0,0,18348,0.3,32190.190102463483
400,240365,NCAA Division III with football,University of Wisconsin-Oshkosh,5219141,92044735,16587176,212923138,92044735,16587176,1501,869,0.5789473684210527,0.0245118546017295,0.4322909002026825,0.0779021770757483,D-III,0.8667694340453644,1080.0,0,0,12627,0.16,16862.527757978933
401,240374,NCAA Division II without football,University of Wisconsin-Parkside,6125718,25902132,8749193,86198979,25902132,8749193,673,268,0.3982169390787518,0.0710648556521765,0.3004923294973134,0.1014999609218109,D-II,0.7261569930963948,1080.0,0,0,3236,0.34,26637.508961681087
402,240462,NCAA Division III with football,University of Wisconsin-Platteville,5429277,41469493,15852683,142326015,41469493,15852683,1412,869,0.6154390934844193,0.0381467646656164,0.2913697330737462,0.1113828908931371,D-III,0.8726103580118179,1180.0,0,0,6028,0.21,23610.818679495686
403,240471,NCAA Division III with football,University of Wisconsin-River Falls,4307948,39876353,10095119,113621623,39876353,10095119,1199,730,0.6088407005838199,0.0379148606247245,0.3509574317557495,0.0888485724235782,D-III,0.8161951550059292,1110.0,0,0,4776,0.2,23790.122068676716
404,240480,NCAA Division III with football,University of Wisconsin-Stevens Point,4800897,53142945,16483339,175823147,53142945,16483339,1535,859,0.5596091205211726,0.0273052614625308,0.3022522682977572,0.0937495391320688,D-III,0.9013605442176871,1110.0,0,0,7313,0.28,24042.54710789006
405,240426,NCAA Division III without football,University of Wisconsin-Superior,3056495,21483528,7908923,65798638,21483528,7908923,340,150,0.4411764705882353,0.0464522533125989,0.3265041443563011,0.1201988861836319,D-III,0.9363636363636364,1040.0,0,0,2213,0.3,29732.778129236332
406,240189,NCAA Division III with football,University of Wisconsin-Whitewater,4814849,75946972,18435910,207125299,75946972,18435910,2000,1286,0.643,0.0232460690376601,0.3666716348349121,0.0890084894940815,D-III,0.8276139410187667,1080.0,0,0,9367,0.25,22112.234333297747
407,240727,NCAA Division I-FBS,University of Wyoming,53042120,159316000,81589000,623641000,159316000,81589000,1681,1006,0.5984533016061868,0.0850523297858864,0.2554610745605244,0.1308268699460106,D-I FBS,0.97413182140326,,1,0,8518,0.22,73214.486968772
408,230728,NCAA Division I-FBS,Utah State University,42936608,288045418,109129816,1022793391,288045418,109129816,3026,1879,0.6209517514871117,0.0419797472078112,0.2816262018650451,0.1066978110733607,D-I FBS,0.9361647095339093,1180.0,0,0,24835,0.26,41183.54705053352
409,230171,NCAA Division I-FCS,Utah Tech University,18137527,35869114,24765682,160783477,35869114,24765682,1307,453,0.3465952563121652,0.1128071574170522,0.2230895529146941,0.1540312628019606,D-I FCS,,,1,1,12481,0.22,12882.259193974842
410,230737,NCAA Division I without football,Utah Valley University,17929384,183996939,76821023,450881498,183996939,76821023,1521,640,0.42077580539119,0.0397651801627043,0.4080826998139542,0.1703796304367317,D-I no football,,,1,1,42296,0.23,10660.14512010592
411,141264,NCAA Division II with football,Valdosta State University,7872376,57302660,26728984,178329135,57302660,26728984,1675,701,0.4185074626865672,0.0441452037548435,0.3213308918926792,0.1498856818881558,D-II,0.8349328214971209,1033.2642487046633,0,0,7589,0.51,23498.37066807221
412,234030,NCAA Division I without football,Virginia Commonwealth University,42025801,424565029,98492408,1338491736,424565029,98492408,4110,2687,0.6537712895377129,0.0313978785745749,0.3171966009060216,0.0735846216685195,D-I no football,0.9305584715515431,1167.3184676958263,0,0,20958,0.3,63865.432579444605
413,234085,NCAA Division I-FCS,Virginia Military Institute,19155089,35424403,8985616,119604051,35424403,8985616,423,346,0.817966903073286,0.1601541824030692,0.2961806285307176,0.0751280238827362,D-I FCS,0.8172502134927413,1180.7006369426751,0,0,1512,0.16,79103.20833333333
414,233921,NCAA Division I-FBS,Virginia Polytechnic Institute and State University,126337823,584715946,109150338,1847331594,584715946,109150338,6766,5843,0.8635826189772391,0.0683893586892229,0.3165192150121371,0.0590854064070102,D-I FBS,0.5703058803592611,1335.397267911904,0,0,30434,0.15,60699.5989354012
415,234155,NCAA Division II with football,Virginia State University,8552806,51705282,32199420,199784929,51705282,32199420,1083,441,0.407202216066482,0.0428100660185433,0.2588047169463919,0.1611704154120654,D-II,0.8909898837099367,916.3013698630137,0,0,4300,0.71,46461.61139534884
416,156082,NCAA Division II with football,Washburn University,10492123,45795686,12904408,107241111,45795686,12904408,763,398,0.5216251638269986,0.0978367615009135,0.4270347963851288,0.1203307936636352,D-II,,,1,1,4725,0.31,22696.53142857143
417,236939,NCAA Division I-FBS,Washington State University,78538161,291447942,144420332,1288094363,291447942,144420332,4523,2788,0.6164050409020562,0.0609723660439619,0.2262628813320876,0.1121193727326326,D-I FBS,0.8535886264618207,,1,0,22612,0.26,56965.078851937025
418,181783,NCAA Division II with football,Wayne State College,6884354,24850766,8716669,66969990,24850766,8716669,605,337,0.5570247933884298,0.1027975963562186,0.3710731627703692,0.1301578363682001,D-II,,,1,1,3860,0.27,17349.73834196891
419,172644,NCAA Division II with football,Wayne State University,14822060,318441000,108721000,925829000,318441000,108721000,2566,1450,0.5650818394388153,0.0160095006745306,0.343952284925186,0.1174309726742195,D-II,0.8203423304805794,1145.768698060942,0,0,15958,0.43,58016.60609098885
420,230782,NCAA Division I-FCS,Weber State University,18284425,123593399,48993355,298593537,123593399,48993355,1606,808,0.5031133250311333,0.0612351666539922,0.4139185336754291,0.1640804268312076,D-I FCS,,,1,1,28903,0.16,10330.883887485728
421,216764,NCAA Division II with football,West Chester University of Pennsylvania,9780496,123551246,52229727,299078289,123551246,52229727,2619,1828,0.6979763268423063,0.0327021263653143,0.4131067033087112,0.174635635286786,D-II,0.7920082589421267,1183.1519699812384,0,0,14392,0.24,20780.870553085046
422,237932,NCAA Division II with football,West Liberty University,6065435,12616142,8327543,43323827,12616142,8327543,450,276,0.6133333333333333,0.1400022901947235,0.2912056222549314,0.1922162370374159,D-II,0.7212325469427058,1037.5144508670521,0,0,1919,0.32,22576.251693590413
423,229814,NCAA Division II with football,West Texas A & M University,12421742,48719877,13688748,210141296,48719877,13688748,1228,581,0.4731270358306189,0.0591113799926312,0.2318434211998007,0.0651406851511946,D-II,0.9734531772575251,1068.0810234541577,0,0,6901,0.39,30450.847123605276
424,237899,NCAA Division II with football,West Virginia State University,6582213,11896380,13091126,53787647,11896380,13091126,373,125,0.3351206434316354,0.1223740648108291,0.2211730883115225,0.2433853631857143,D-II,0.9637178051511758,976.6666666666666,0,0,3634,0.18,14801.223720418271
425,238032,NCAA Division I-FBS,West Virginia University,106013297,359033768,147551619,1267472878,359033768,147551619,5211,3189,0.6119746689694876,0.0836414718138055,0.2832674167880695,0.116414024758327,D-I FBS,0.8626177166742207,1126.1603773584907,0,0,19059,0.2,66502.59079699879
426,200004,NCAA Division I-FCS,Western Carolina University,16052292,88291475,33420890,268740231,88291475,33420890,1977,1168,0.5907941325240263,0.0597316298355046,0.3285383608976655,0.1243613205050791,D-I FCS,0.8666336688115273,1144.172767203514,0,0,9956,0.33,26992.791382081155
427,128391,NCAA Division II with football,Western Colorado University,7864970,31703447,8107825,73082466,31703447,8107825,446,226,0.5067264573991032,0.1076177424007558,0.4338037389159802,0.1109407692947854,D-II,0.9747182455071581,1127.6687116564417,0,0,3095,0.13,23613.0746365105
428,130776,NCAA Division III with football,Western Connecticut State University,5347367,70194076,19554230,155075780,70194076,19554230,810,407,0.5024691358024691,0.0344822834358789,0.4526437074828835,0.1260946744875312,D-III,0.8136338647608576,1041.7073170731708,0,0,3799,0.35,40820.15793629902
429,149772,NCAA Division I-FCS,Western Illinois University,13827702,70471429,16185062,200238082,70471429,16185062,1186,531,0.4477234401349072,0.0690563046843407,0.3519381942541779,0.0808290902426842,D-I FCS,0.7496167000825569,,1,0,5309,0.28,37716.72292333773
430,157951,NCAA Division I-FBS,Western Kentucky University,36875120,130146064,39571772,294605782,130146064,39571772,2809,1587,0.5649697401210395,0.1251676723710738,0.4417634410175968,0.1343210976083286,D-I FBS,0.9704663212435233,968.1012658227849,0,0,14442,0.29,20399.237086276138
431,172699,NCAA Division I-FBS,Western Michigan University,40487398,193813887,52880100,505240446,193813887,52880100,3133,1810,0.5777210341525694,0.0801349106559849,0.3836072280721563,0.1046632359278694,D-I FBS,0.8467661691542289,1107.2819859961808,0,0,13589,0.25,37180.104937817356
432,188304,NCAA Division II with football,Western New Mexico University,5270870,20881590,10312964,71575690,20881590,10312964,210,73,0.3476190476190476,0.0736405055962436,0.2917413719658169,0.1440847304440935,D-II,,,1,1,2377,0.42,30111.775347076145
433,210429,NCAA Division II with football,Western Oregon University,8626225,31614102,9404740,118148548,31614102,9404740,754,338,0.4482758620689655,0.0730116886413195,0.2675792680922325,0.079600978253241,D-II,0.9868875086266391,1053.3333333333333,0,0,3320,0.4,35586.91204819277
434,237011,NCAA Division II without football,Western Washington University,8194478,170160860,33776493,379687632,170160860,33776493,3071,2013,0.6554868121133182,0.0215821567767053,0.4481601339071271,0.0889586337645046,D-II,0.9130801095274872,1232.4266666666667,0,0,13800,0.21,27513.59652173913
435,168263,NCAA Division III with football,Westfield State University,3288273,47818287,15350252,121422908,47818287,15350252,1008,553,0.5486111111111112,0.0270811583593435,0.3938160252264754,0.1264197362164971,D-III,0.8074286625219194,,1,0,3942,0.33,30802.361237950277
436,156125,NCAA Division I without football,Wichita State University,33626420,104948117,30053318,567716079,104948117,30053318,1501,772,0.5143237841439041,0.0592310509493249,0.1848602160165345,0.0529372323802017,D-I no football,0.9494037281463471,1108.673050615595,0,0,12049,0.3,47117.27769939414
437,231624,NCAA Division I-FCS,William & Mary,30794145,152754874,57076007,548096570,152754874,57076007,1524,1387,0.9101049868766404,0.0561837943995891,0.278700656710915,0.1041349465113419,D-I FCS,0.32715979028949166,1452.72,0,0,6797,0.12,80638.0123583934
438,187444,NCAA Division III with football,William Paterson University of New Jersey,3218299,92176170,37632560,200632906,92176170,37632560,1310,625,0.4770992366412214,0.0160407336172462,0.4594269795404349,0.1875692315397156,D-III,0.9251998968274439,,1,0,6604,0.44,30380.5127195639
439,175272,NCAA Division II with football,Winona State University,6971687,58876000,18823000,134982000,58876000,18823000,1593,970,0.6089139987445072,0.0516490124609207,0.436176675408573,0.139448222725993,D-II,0.6851761649618444,1109.2843691148776,0,0,5402,0.23,24987.41206960385
440,199999,NCAA Division II with football,Winston-Salem State University,4361892,45456557,30924721,159483611,45456557,30924721,933,453,0.4855305466237942,0.0273500955530784,0.285023374596152,0.1939053223468836,D-II,0.6855386606276286,933.6363636363636,0,0,4513,0.61,35338.71282960337
441,218964,NCAA Division I without football,Winthrop University,11810051,37220422,11188363,129809566,37220422,11188363,1047,641,0.612225405921681,0.0909798203932058,0.2867309640338833,0.086190589374592,D-I no football,0.7505974735404575,1128.1984334203655,0,0,3741,0.39,34699.16225608126
442,168430,NCAA Division III with football,Worcester State University,2563828,40587936,13788705,119767211,40587936,13788705,899,499,0.5550611790878754,0.0214067604863905,0.3388902159540143,0.1151292151238288,D-III,0.8986301369863013,1145.0,0,0,4478,0.29,26745.692496650292
443,206604,NCAA Division I without football,Wright State University-Main Campus,11815664,98368421,20756832,241569514,98368421,20756832,2099,963,0.4587898999523582,0.0489120659488514,0.4072054431504134,0.08592488206107,D-I no football,0.9515403642905329,1076.462018730489,0,0,6938,0.33,34818.32141827616
444,206695,NCAA Division I-FCS,Youngstown State University,21696473,79287304,23035152,208572621,79287304,23035152,2124,1135,0.5343691148775894,0.1040235909007443,0.3801424348980109,0.1104418781792074,D-I FCS,0.8032419382652182,1047.2698412698412,0,0,8839,0.33,23596.857223667837
